"Country";"Type";"Year";"Number"
"AUSTRIA";"CV";2005;37678
"BELGIUM";"CV";2005;71413
"DENMARK";"CV";2005;62340
"FINLAND";"CV";2005;19960
"FRANCE";"CV";2005;480141
"GERMANY";"CV";2005;295627
"GREECE";"CV";2005;25538
"ICELAND";"CV";2005;2810
"IRELAND";"CV";2005;41964
"ITALY";"CV";2005;251328
"LUXEMBOURG";"CV";2005;4605
"NETHERLANDS";"CV";2005;80787
"NORWAY";"CV";2005;42681
"PORTUGAL";"CV";2005;71982
"SPAIN";"CV";2005;430611
"SWEDEN";"CV";2005;41807
"SWITZERLAND";"CV";2005;26702
"UNITED KINGDOM";"CV";2005;388410
"BULGARIA";"CV";2005;8984
"CROATIA";"CV";2005;9134
"CYPRUS";"CV";2005;3299
"CZECH REPUBLIC";"CV";2005;24224
"ESTONIA";"CV";2005;3871
"HUNGARY";"CV";2005;20479
"LATVIA";"CV";2005;5668
"LITHUANIA";"CV";2005;3037
"MALTA";"CV";2005;677
"POLAND";"CV";2005;48100
"ROMANIA";"CV";2005;33495
"SLOVAKIA";"CV";2005;18117
"SLOVENIA";"CV";2005;8532
"ALBANIA";"CV";2005;200
"ARMENIA";"CV";2005;430
"BELARUS";"CV";2005;4000
"BOSNIA";"CV";2005;1500
"GEORGIA";"CV";2005;1200
"MACEDONIA";"CV";2005;760
"MOLDAVIA";"CV";2005;550
"RUSSIA";"CV";2005;286400
"SERBIA";"CV";2005;2913
"TURKEY";"CV";2005;276615
"UKRAINE";"CV";2005;18302
"CANADA";"CV";2005;782706
"MEXICO";"CV";2005;454498
"UNITED STATES OF AMERICA";"CV";2005;9784346
"ARGENTINA";"CV";2005;112042
"BAHAMAS";"CV";2005;851
"BELIZE";"CV";2005;100
"BOLIVIA";"CV";2005;1800
"BRAZIL";"CV";2005;274822
"CHILE";"CV";2005;60000
"COLOMBIA";"CV";2005;30000
"COSTA RICA";"CV";2005;3000
"CUBA";"CV";2005;1000
"DOMINICAN REPUBLIC";"CV";2005;22223
"ECUADOR";"CV";2005;38715
"EL SALVADOR";"CV";2005;9000
"GUADELOUPE";"CV";2005;2968
"GUATEMALA";"CV";2005;3700
"GUIANA";"CV";2005;1268
"HONDURAS";"CV";2005;3700
"JAMAICA";"CV";2005;1000
"MARTINIQUE";"CV";2005;2915
"NICARAGUA";"CV";2005;5000
"PANAMA";"CV";2005;15000
"PARAGUAY";"CV";2005;5000
"PERU";"CV";2005;9115
"PUERTO RICO";"CV";2005;40000
"TRINIDAD";"CV";2005;4000
"URUGUAY";"CV";2005;5000
"VENEZUELA";"CV";2005;46156
"AUSTRALIA";"CV";2005;199173
"AZERBAIDJAN";"CV";2005;570
"BAHRAIN";"CV";2005;2000
"BANGLADESH";"CV";2005;8500
"BRUNEI";"CV";2005;1000
"CAMBODGE";"CV";2005;700
"CHINA";"CV";2005;1787088
"HONG-KONG";"CV";2005;8380
"INDIA";"CV";2005;333592
"INDONESIA";"CV";2005;169598
"IRAK";"CV";2005;28700
"IRAN";"CV";2005;127500
"ISRAEL";"CV";2005;26000
"JAPAN";"CV";2005;1103552
"JORDAN";"CV";2005;10000
"KAZAKHSTAN";"CV";2005;2572
"KIRGHIZISTAN";"CV";2005;800
"KUWAIT";"CV";2005;30000
"LAOS";"CV";2005;100
"LEBANON";"CV";2005;1000
"MALAYSIA";"CV";2005;140150
"MONGOLIA";"CV";2005;300
"MYANMAR";"CV";2005;1000
"NEPAL";"CV";2005;400
"NEW CALEDONIA";"CV";2005;3273
"NEW ZEALAND";"CV";2005;39601
"OMAN";"CV";2005;59600
"PAKISTAN";"CV";2005;25681
"PALESTINE";"CV";2005;3100
"PHILIPPINES";"CV";2005;62000
"QATAR";"CV";2005;23400
"SAUDI ARABIA";"CV";2005;155900
"SINGAPORE";"CV";2005;15851
"SOUTH KOREA";"CV";2005;252071
"SRI LANKA";"CV";2005;1400
"SYRIA";"CV";2005;7000
"TADJIKISTAN";"CV";2005;140
"TAHITI";"CV";2005;2100
"TAIWAN";"CV";2005;120637
"THAILAND";"CV";2005;514215
"TUKMENISTAN";"CV";2005;100
"UNITED ARAB EMIRATES";"CV";2005;20000
"UZBEKISTAN";"CV";2005;6700
"VIETNAM";"CV";2005;10376
"YEMEN";"CV";2005;5100
"ALGERIA";"CV";2005;28376
"ANGOLA";"CV";2005;3000
"BOTSWANA";"CV";2005;2900
"BURKINA";"CV";2005;200
"BURUNDI";"CV";2005;500
"CAMEROON";"CV";2005;2200
"CONGO KINSHASA";"CV";2005;890
"EGYPT";"CV";2005;26899
"GABON";"CV";2005;3000
"GHANA";"CV";2005;2000
"IVORY COAST";"CV";2005;1000
"KENYA";"CV";2005;4000
"LIBERIA";"CV";2005;100
"LIBYA";"CV";2005;12000
"MADAGASCAR";"CV";2005;1700
"MALAWI";"CV";2005;470
"MAURITIUS";"CV";2005;1900
"MOROCCO";"CV";2005;7472
"NIGERIA";"CV";2005;7000
"REUNION";"CV";2005;6485
"SENEGAL";"CV";2005;2500
"SOUTH AFRICA";"CV";2005;197538
"SUDAN";"CV";2005;1000
"TANZANIA";"CV";2005;1000
"TUNISIA";"CV";2005;8000
"UGANDA";"CV";2005;1000
"ZAMBIA";"CV";2005;650
"ZIMBABWE";"CV";2005;5000
"AUSTRIA";"CV";2006;38793
"BELGIUM";"CV";2006;68313
"DENMARK";"CV";2006;69403
"FINLAND";"CV";2006;20973
"FRANCE";"CV";2006;498420
"GERMANY";"CV";2006;304433
"GREECE";"CV";2006;26391
"ICELAND";"CV";2006;3069
"IRELAND";"CV";2006;47239
"ITALY";"CV";2006;270913
"LUXEMBOURG";"CV";2006;4675
"NETHERLANDS";"CV";2006;84718
"NORWAY";"CV";2006;49243
"PORTUGAL";"CV";2006;70472
"SPAIN";"CV";2006;318526
"SWEDEN";"CV";2006;47194
"SWITZERLAND";"CV";2006;29276
"UNITED KINGDOM";"CV";2006;389496
"BULGARIA";"CV";2006;8845
"CROATIA";"CV";2006;10317
"CYPRUS";"CV";2006;3744
"CZECH REPUBLIC";"CV";2006;26945
"ESTONIA";"CV";2006;5391
"HUNGARY";"CV";2006;21604
"LATVIA";"CV";2006;7510
"LITHUANIA";"CV";2006;4861
"MALTA";"CV";2006;575
"POLAND";"CV";2006;55746
"ROMANIA";"CV";2006;35574
"SLOVAKIA";"CV";2006;24435
"SLOVENIA";"CV";2006;8258
"ALBANIA";"CV";2006;200
"ARMENIA";"CV";2006;450
"BELARUS";"CV";2006;5000
"BOSNIA";"CV";2006;1600
"GEORGIA";"CV";2006;1200
"MACEDONIA";"CV";2006;790
"MOLDAVIA";"CV";2006;570
"RUSSIA";"CV";2006;333600
"SERBIA";"CV";2006;5151
"TURKEY";"CV";2006;244619
"UKRAINE";"CV";2006;29752
"CANADA";"CV";2006;807182
"MEXICO";"CV";2006;503089
"UNITED STATES OF AMERICA";"CV";2006;9287389
"ARGENTINA";"CV";2006;124182
"BAHAMAS";"CV";2006;801
"BELIZE";"CV";2006;100
"BOLIVIA";"CV";2006;2000
"BRAZIL";"CV";2006;294791
"CHILE";"CV";2006;60000
"COLOMBIA";"CV";2006;45000
"COSTA RICA";"CV";2006;5000
"CUBA";"CV";2006;600
"DOMINICAN REPUBLIC";"CV";2006;20625
"ECUADOR";"CV";2006;30658
"EL SALVADOR";"CV";2006;6000
"GUADELOUPE";"CV";2006;2982
"GUATEMALA";"CV";2006;4000
"GUIANA";"CV";2006;1533
"HONDURAS";"CV";2006;4000
"JAMAICA";"CV";2006;1000
"MARTINIQUE";"CV";2006;3019
"NICARAGUA";"CV";2006;4000
"PANAMA";"CV";2006;15000
"PARAGUAY";"CV";2006;3000
"PERU";"CV";2006;12815
"PUERTO RICO";"CV";2006;35000
"TRINIDAD";"CV";2006;4000
"URUGUAY";"CV";2006;5000
"VENEZUELA";"CV";2006;25095
"AUSTRALIA";"CV";2006;193425
"AZERBAIDJAN";"CV";2006;590
"BAHRAIN";"CV";2006;5000
"BANGLADESH";"CV";2006;10100
"BRUNEI";"CV";2006;1000
"CAMBODGE";"CV";2006;700
"CHINA";"CV";2006;2040011
"HONG-KONG";"CV";2006;7590
"INDIA";"CV";2006;439519
"INDONESIA";"CV";2006;96517
"IRAK";"CV";2006;27200
"IRAN";"CV";2006;121000
"ISRAEL";"CV";2006;26000
"JAPAN";"CV";2006;1127202
"JORDAN";"CV";2006;10100
"KAZAKHSTAN";"CV";2006;3820
"KIRGHIZISTAN";"CV";2006;800
"KUWAIT";"CV";2006;19000
"LAOS";"CV";2006;150
"LEBANON";"CV";2006;1000
"MALAYSIA";"CV";2006;116579
"MONGOLIA";"CV";2006;800
"MYANMAR";"CV";2006;1000
"NEPAL";"CV";2006;500
"NEW CALEDONIA";"CV";2006;4047
"NEW ZEALAND";"CV";2006;35407
"OMAN";"CV";2006;59900
"PAKISTAN";"CV";2006;27388
"PALESTINE";"CV";2006;2900
"PHILIPPINES";"CV";2006;61410
"QATAR";"CV";2006;23500
"SAUDI ARABIA";"CV";2006;156800
"SINGAPORE";"CV";2006;15634
"SOUTH KOREA";"CV";2006;244269
"SRI LANKA";"CV";2006;1400
"SYRIA";"CV";2006;6000
"TADJIKISTAN";"CV";2006;150
"TAHITI";"CV";2006;2000
"TAIWAN";"CV";2006;87848
"THAILAND";"CV";2006;490409
"TUKMENISTAN";"CV";2006;100
"UNITED ARAB EMIRATES";"CV";2006;25000
"UZBEKISTAN";"CV";2006;7000
"VIETNAM";"CV";2006;17798
"YEMEN";"CV";2006;6100
"ALGERIA";"CV";2006;27775
"ANGOLA";"CV";2006;4000
"BOTSWANA";"CV";2006;2300
"BURKINA";"CV";2006;200
"BURUNDI";"CV";2006;500
"CAMEROON";"CV";2006;2700
"CONGO KINSHASA";"CV";2006;1060
"EGYPT";"CV";2006;38241
"GABON";"CV";2006;3000
"GHANA";"CV";2006;1500
"IVORY COAST";"CV";2006;1000
"KENYA";"CV";2006;2000
"LIBERIA";"CV";2006;100
"LIBYA";"CV";2006;13000
"MADAGASCAR";"CV";2006;2000
"MALAWI";"CV";2006;570
"MAURITIUS";"CV";2006;2000
"MOROCCO";"CV";2006;8981
"NIGERIA";"CV";2006;16000
"REUNION";"CV";2006;7345
"SENEGAL";"CV";2006;3500
"SOUTH AFRICA";"CV";2006;232757
"SUDAN";"CV";2006;1000
"TANZANIA";"CV";2006;1000
"TUNISIA";"CV";2006;8000
"UGANDA";"CV";2006;1000
"ZAMBIA";"CV";2006;780
"ZIMBABWE";"CV";2006;5000
"AUSTRIA";"CV";2007;41509
"BELGIUM";"CV";2007;77570
"DENMARK";"CV";2007;63528
"FINLAND";"CV";2007;22234
"FRANCE";"CV";2007;519514
"GERMANY";"CV";2007;334116
"GREECE";"CV";2007;27130
"ICELAND";"CV";2007;3363
"IRELAND";"CV";2007;50028
"ITALY";"CV";2007;283060
"LUXEMBOURG";"CV";2007;5315
"NETHERLANDS";"CV";2007;97234
"NORWAY";"CV";2007;53008
"PORTUGAL";"CV";2007;74790
"SPAIN";"CV";2007;324463
"SWEDEN";"CV";2007;51923
"SWITZERLAND";"CV";2007;30728
"UNITED KINGDOM";"CV";2007;395612
"BULGARIA";"CV";2007;11815
"CROATIA";"CV";2007;12031
"CYPRUS";"CV";2007;4639
"CZECH REPUBLIC";"CV";2007;32582
"ESTONIA";"CV";2007;6568
"HUNGARY";"CV";2007;21920
"LATVIA";"CV";2007;9484
"LITHUANIA";"CV";2007;6919
"MALTA";"CV";2007;879
"POLAND";"CV";2007;77858
"ROMANIA";"CV";2007;44044
"SLOVAKIA";"CV";2007;29394
"SLOVENIA";"CV";2007;9679
"ALBANIA";"CV";2007;200
"ARMENIA";"CV";2007;480
"BELARUS";"CV";2007;7000
"BOSNIA";"CV";2007;1700
"GEORGIA";"CV";2007;1300
"MACEDONIA";"CV";2007;1000
"MOLDAVIA";"CV";2007;610
"RUSSIA";"CV";2007;383112
"SERBIA";"CV";2007;7175
"TURKEY";"CV";2007;237297
"UKRAINE";"CV";2007;25323
"CANADA";"CV";2007;848760
"MEXICO";"CV";2007;509425
"UNITED STATES OF AMERICA";"CV";2007;8897981
"ARGENTINA";"CV";2007;142696
"BAHAMAS";"CV";2007;903
"BELIZE";"CV";2007;100
"BOLIVIA";"CV";2007;2000
"BRAZIL";"CV";2007;377010
"CHILE";"CV";2007;50000
"COLOMBIA";"CV";2007;35000
"COSTA RICA";"CV";2007;4000
"CUBA";"CV";2007;500
"DOMINICAN REPUBLIC";"CV";2007;22880
"ECUADOR";"CV";2007;33444
"EL SALVADOR";"CV";2007;6000
"GUADELOUPE";"CV";2007;3349
"GUATEMALA";"CV";2007;4500
"GUIANA";"CV";2007;1745
"HONDURAS";"CV";2007;5000
"JAMAICA";"CV";2007;2000
"MARTINIQUE";"CV";2007;3174
"NICARAGUA";"CV";2007;4000
"PANAMA";"CV";2007;4000
"PARAGUAY";"CV";2007;5000
"PERU";"CV";2007;22587
"PUERTO RICO";"CV";2007;40000
"TRINIDAD";"CV";2007;3000
"URUGUAY";"CV";2007;7000
"VENEZUELA";"CV";2007;50640
"AUSTRALIA";"CV";2007;214787
"AZERBAIDJAN";"CV";2007;740
"BAHRAIN";"CV";2007;5000
"BANGLADESH";"CV";2007;10000
"BRUNEI";"CV";2007;1000
"CAMBODGE";"CV";2007;900
"CHINA";"CV";2007;2493990
"HONG-KONG";"CV";2007;7535
"INDIA";"CV";2007;481909
"INDONESIA";"CV";2007;118572
"IRAK";"CV";2007;31000
"IRAN";"CV";2007;137900
"ISRAEL";"CV";2007;20000
"JAPAN";"CV";2007;983692
"JORDAN";"CV";2007;9700
"KAZAKHSTAN";"CV";2007;6581
"KIRGHIZISTAN";"CV";2007;900
"KUWAIT";"CV";2007;20000
"LAOS";"CV";2007;300
"LEBANON";"CV";2007;1000
"MALAYSIA";"CV";2007;44291
"MONGOLIA";"CV";2007;700
"MYANMAR";"CV";2007;1000
"NEPAL";"CV";2007;600
"NEW CALEDONIA";"CV";2007;4743
"NEW ZEALAND";"CV";2007;37587
"OMAN";"CV";2007;57600
"PAKISTAN";"CV";2007;28652
"PALESTINE";"CV";2007;3300
"PHILIPPINES";"CV";2007;76796
"QATAR";"CV";2007;22600
"SAUDI ARABIA";"CV";2007;150800
"SINGAPORE";"CV";2007;11440
"SOUTH KOREA";"CV";2007;267834
"SRI LANKA";"CV";2007;1800
"SYRIA";"CV";2007;5500
"TADJIKISTAN";"CV";2007;190
"TAHITI";"CV";2007;2300
"TAIWAN";"CV";2007;63107
"THAILAND";"CV";2007;458860
"TUKMENISTAN";"CV";2007;120
"UNITED ARAB EMIRATES";"CV";2007;30000
"UZBEKISTAN";"CV";2007;9100
"VIETNAM";"CV";2007;40941
"YEMEN";"CV";2007;5900
"ALGERIA";"CV";2007;29791
"ANGOLA";"CV";2007;2000
"BOTSWANA";"CV";2007;3500
"BURKINA";"CV";2007;200
"BURUNDI";"CV";2007;500
"CAMEROON";"CV";2007;2600
"CONGO KINSHASA";"CV";2007;910
"EGYPT";"CV";2007;26911
"GABON";"CV";2007;3000
"GHANA";"CV";2007;1600
"IVORY COAST";"CV";2007;2000
"KENYA";"CV";2007;5000
"LIBERIA";"CV";2007;100
"LIBYA";"CV";2007;13500
"MADAGASCAR";"CV";2007;1900
"MALAWI";"CV";2007;560
"MAURITIUS";"CV";2007;2000
"MOROCCO";"CV";2007;12656
"NIGERIA";"CV";2007;5000
"REUNION";"CV";2007;7330
"SENEGAL";"CV";2007;4000
"SOUTH AFRICA";"CV";2007;241455
"SUDAN";"CV";2007;2000
"TANZANIA";"CV";2007;1500
"TUNISIA";"CV";2007;9000
"UGANDA";"CV";2007;1000
"ZAMBIA";"CV";2007;760
"ZIMBABWE";"CV";2007;2000
"AUSTRIA";"CV";2008;42303
"BELGIUM";"CV";2008;76745
"DENMARK";"CV";2008;40970
"FINLAND";"CV";2008;21329
"FRANCE";"CV";2008;523460
"GERMANY";"CV";2008;334999
"GREECE";"CV";2008;25570
"ICELAND";"CV";2008;1546
"IRELAND";"CV";2008;34013
"ITALY";"CV";2008;260559
"LUXEMBOURG";"CV";2008;6046
"NETHERLANDS";"CV";2008;104155
"NORWAY";"CV";2008;42630
"PORTUGAL";"CV";2008;61738
"SPAIN";"CV";2008;201410
"SWEDEN";"CV";2008;47477
"SWITZERLAND";"CV";2008;32801
"UNITED KINGDOM";"CV";2008;353463
"BULGARIA";"CV";2008;12784
"CROATIA";"CV";2008;12150
"CYPRUS";"CV";2008;5292
"CZECH REPUBLIC";"CV";2008;32897
"ESTONIA";"CV";2008;4421
"HUNGARY";"CV";2008;21559
"LATVIA";"CV";2008;6668
"LITHUANIA";"CV";2008;4254
"MALTA";"CV";2008;735
"POLAND";"CV";2008;79297
"ROMANIA";"CV";2008;40361
"SLOVAKIA";"CV";2008;32338
"SLOVENIA";"CV";2008;10056
"ALBANIA";"CV";2008;200
"ARMENIA";"CV";2008;400
"BELARUS";"CV";2008;10000
"BOSNIA";"CV";2008;1400
"GEORGIA";"CV";2008;1000
"MACEDONIA";"CV";2008;1000
"MOLDAVIA";"CV";2008;500
"RUSSIA";"CV";2008;324887
"SERBIA";"CV";2008;8078
"TURKEY";"CV";2008;188357
"UKRAINE";"CV";2008;40983
"CANADA";"CV";2008;800802
"MEXICO";"CV";2008;484719
"UNITED STATES OF AMERICA";"CV";2008;6724058
"ARGENTINA";"CV";2008;159231
"BAHAMAS";"CV";2008;900
"BELIZE";"CV";2008;200
"BOLIVIA";"CV";2008;2200
"BRAZIL";"CV";2008;479050
"CHILE";"CV";2008;71167
"COLOMBIA";"CV";2008;30000
"COSTA RICA";"CV";2008;4000
"CUBA";"CV";2008;1100
"DOMINICAN REPUBLIC";"CV";2008;18559
"ECUADOR";"CV";2008;43128
"EL SALVADOR";"CV";2008;6000
"GUADELOUPE";"CV";2008;3352
"GUATEMALA";"CV";2008;5500
"GUIANA";"CV";2008;1637
"HONDURAS";"CV";2008;6000
"JAMAICA";"CV";2008;2000
"MARTINIQUE";"CV";2008;3089
"NICARAGUA";"CV";2008;4000
"PANAMA";"CV";2008;5000
"PARAGUAY";"CV";2008;9000
"PERU";"CV";2008;37227
"PUERTO RICO";"CV";2008;45000
"TRINIDAD";"CV";2008;4000
"URUGUAY";"CV";2008;10000
"VENEZUELA";"CV";2008;64459
"AUSTRALIA";"CV";2008;220940
"AZERBAIDJAN";"CV";2008;800
"BAHRAIN";"CV";2008;6000
"BANGLADESH";"CV";2008;11000
"BRUNEI";"CV";2008;1000
"CAMBODGE";"CV";2008;900
"CHINA";"CV";2008;2624893
"HONG-KONG";"CV";2008;8935
"INDIA";"CV";2008;437657
"INDONESIA";"CV";2008;178507
"IRAK";"CV";2008;42000
"IRAN";"CV";2008;190000
"ISRAEL";"CV";2008;22000
"JAPAN";"CV";2008;897967
"JORDAN";"CV";2008;9000
"KAZAKHSTAN";"CV";2008;5500
"KIRGHIZISTAN";"CV";2008;900
"KUWAIT";"CV";2008;19500
"LAOS";"CV";2008;600
"LEBANON";"CV";2008;1000
"MALAYSIA";"CV";2008;50656
"MONGOLIA";"CV";2008;750
"MYANMAR";"CV";2008;1000
"NEPAL";"CV";2008;800
"NEW CALEDONIA";"CV";2008;4831
"NEW ZEALAND";"CV";2008;32793
"OMAN";"CV";2008;53500
"PAKISTAN";"CV";2008;29319
"PALESTINE";"CV";2008;4500
"PHILIPPINES";"CV";2008;80136
"QATAR";"CV";2008;21000
"SAUDI ARABIA";"CV";2008;140000
"SINGAPORE";"CV";2008;9595
"SOUTH KOREA";"CV";2008;228491
"SRI LANKA";"CV";2008;1800
"SYRIA";"CV";2008;4800
"TADJIKISTAN";"CV";2008;200
"TAHITI";"CV";2008;2200
"TAIWAN";"CV";2008;37648
"THAILAND";"CV";2008;388465
"TUKMENISTAN";"CV";2008;200
"UNITED ARAB EMIRATES";"CV";2008;42048
"UZBEKISTAN";"CV";2008;13500
"VIETNAM";"CV";2008;61073
"YEMEN";"CV";2008;6000
"ALGERIA";"CV";2008;35139
"ANGOLA";"CV";2008;2000
"BOTSWANA";"CV";2008;5100
"BURKINA";"CV";2008;300
"BURUNDI";"CV";2008;300
"CAMEROON";"CV";2008;2400
"CONGO KINSHASA";"CV";2008;800
"EGYPT";"CV";2008;36104
"GABON";"CV";2008;1500
"GHANA";"CV";2008;2000
"IVORY COAST";"CV";2008;1500
"KENYA";"CV";2008;5000
"LIBERIA";"CV";2008;200
"LIBYA";"CV";2008;14500
"MADAGASCAR";"CV";2008;1700
"MALAWI";"CV";2008;500
"MAURITIUS";"CV";2008;2000
"MOROCCO";"CV";2008;19265
"NIGERIA";"CV";2008;5000
"REUNION";"CV";2008;6712
"SENEGAL";"CV";2008;4000
"SOUTH AFRICA";"CV";2008;204125
"SUDAN";"CV";2008;2000
"TANZANIA";"CV";2008;1000
"TUNISIA";"CV";2008;10000
"UGANDA";"CV";2008;500
"ZAMBIA";"CV";2008;1000
"ZIMBABWE";"CV";2008;2000
"AUSTRIA";"CV";2009;31026
"BELGIUM";"CV";2009;60066
"DENMARK";"CV";2009;19334
"FINLAND";"CV";2009;12442
"FRANCE";"CV";2009;416201
"GERMANY";"CV";2009;242178
"GREECE";"CV";2009;17388
"ICELAND";"CV";2009;358
"IRELAND";"CV";2009;10578
"ITALY";"CV";2009;197978
"LUXEMBOURG";"CV";2009;4197
"NETHERLANDS";"CV";2009;64208
"NORWAY";"CV";2009;28762
"PORTUGAL";"CV";2009;42747
"SPAIN";"CV";2009;121450
"SWEDEN";"CV";2009;34105
"SWITZERLAND";"CV";2009;28681
"UNITED KINGDOM";"CV";2009;227543
"BULGARIA";"CV";2009;3944
"CROATIA";"CV";2009;5941
"CYPRUS";"CV";2009;3438
"CZECH REPUBLIC";"CV";2009;19082
"ESTONIA";"CV";2009;1543
"HUNGARY";"CV";2009;10619
"LATVIA";"CV";2009;1403
"LITHUANIA";"CV";2009;877
"MALTA";"CV";2009;480
"POLAND";"CV";2009;46121
"ROMANIA";"CV";2009;17545
"SLOVAKIA";"CV";2009;18044
"SLOVENIA";"CV";2009;5319
"ALBANIA";"CV";2009;200
"ARMENIA";"CV";2009;400
"BELARUS";"CV";2009;5000
"BOSNIA";"CV";2009;1205
"GEORGIA";"CV";2009;1000
"MACEDONIA";"CV";2009;800
"MOLDAVIA";"CV";2009;200
"RUSSIA";"CV";2009;131715
"SERBIA";"CV";2009;3500
"TURKEY";"CV";2009;187307
"UKRAINE";"CV";2009;11665
"CANADA";"CV";2009;753209
"MEXICO";"CV";2009;336631
"UNITED STATES OF AMERICA";"CV";2009;5200478
"ARGENTINA";"CV";2009;113911
"BAHAMAS";"CV";2009;900
"BELIZE";"CV";2009;250
"BOLIVIA";"CV";2009;2000
"BRAZIL";"CV";2009;497378
"CHILE";"CV";2009;49943
"COLOMBIA";"CV";2009;25000
"COSTA RICA";"CV";2009;4500
"CUBA";"CV";2009;400
"DOMINICAN REPUBLIC";"CV";2009;7618
"ECUADOR";"CV";2009;32168
"EL SALVADOR";"CV";2009;1000
"GUADELOUPE";"CV";2009;2844
"GUATEMALA";"CV";2009;6500
"GUIANA";"CV";2009;1501
"HONDURAS";"CV";2009;7000
"JAMAICA";"CV";2009;2000
"MARTINIQUE";"CV";2009;2505
"NICARAGUA";"CV";2009;1000
"PANAMA";"CV";2009;8000
"PARAGUAY";"CV";2009;5000
"PERU";"CV";2009;28157
"PUERTO RICO";"CV";2009;45000
"TRINIDAD";"CV";2009;4000
"URUGUAY";"CV";2009;8000
"VENEZUELA";"CV";2009;69470
"AUSTRALIA";"CV";2009;208613
"AZERBAIDJAN";"CV";2009;800
"BAHRAIN";"CV";2009;10000
"BANGLADESH";"CV";2009;17000
"BRUNEI";"CV";2009;500
"CAMBODGE";"CV";2009;1100
"CHINA";"CV";2009;3313479
"HONG-KONG";"CV";2009;4103
"INDIA";"CV";2009;449391
"INDONESIA";"CV";2009;126721
"IRAK";"CV";2009;28000
"IRAN";"CV";2009;220000
"ISRAEL";"CV";2009;14500
"JAPAN";"CV";2009;704023
"JORDAN";"CV";2009;10500
"KAZAKHSTAN";"CV";2009;5000
"KIRGHIZISTAN";"CV";2009;950
"KUWAIT";"CV";2009;18500
"LAOS";"CV";2009;1000
"LEBANON";"CV";2009;2500
"MALAYSIA";"CV";2009;50563
"MONGOLIA";"CV";2009;600
"MYANMAR";"CV";2009;1000
"NEPAL";"CV";2009;1000
"NEW CALEDONIA";"CV";2009;4969
"NEW ZEALAND";"CV";2009;18798
"OMAN";"CV";2009;50500
"PAKISTAN";"CV";2009;17259
"PALESTINE";"CV";2009;7200
"PHILIPPINES";"CV";2009;86333
"QATAR";"CV";2009;15000
"SAUDI ARABIA";"CV";2009;130000
"SINGAPORE";"CV";2009;6320
"SOUTH KOREA";"CV";2009;240747
"SRI LANKA";"CV";2009;2000
"SYRIA";"CV";2009;5600
"TADJIKISTAN";"CV";2009;200
"TAHITI";"CV";2009;1700
"TAIWAN";"CV";2009;42188
"THAILAND";"CV";2009;318833
"TUKMENISTAN";"CV";2009;200
"UNITED ARAB EMIRATES";"CV";2009;114850
"UZBEKISTAN";"CV";2009;14000
"VIETNAM";"CV";2009;56737
"YEMEN";"CV";2009;6000
"ALGERIA";"CV";2009;45514
"ANGOLA";"CV";2009;5000
"BOTSWANA";"CV";2009;5100
"BURKINA";"CV";2009;500
"BURUNDI";"CV";2009;300
"CAMEROON";"CV";2009;1200
"CONGO KINSHASA";"CV";2009;2000
"EGYPT";"CV";2009;46595
"GABON";"CV";2009;2000
"GHANA";"CV";2009;2000
"IVORY COAST";"CV";2009;1500
"KENYA";"CV";2009;2500
"LIBERIA";"CV";2009;100
"LIBYA";"CV";2009;15500
"MADAGASCAR";"CV";2009;1100
"MALAWI";"CV";2009;500
"MAURITIUS";"CV";2009;2000
"MOROCCO";"CV";2009;16208
"NIGERIA";"CV";2009;17000
"REUNION";"CV";2009;4904
"SENEGAL";"CV";2009;2000
"SOUTH AFRICA";"CV";2009;137093
"SUDAN";"CV";2009;5000
"TANZANIA";"CV";2009;1000
"TUNISIA";"CV";2009;12000
"UGANDA";"CV";2009;500
"ZAMBIA";"CV";2009;1000
"ZIMBABWE";"CV";2009;1500
"AUSTRIA";"CV";2010;34001
"BELGIUM";"CV";2010;60157
"DENMARK";"CV";2010;19708
"FINLAND";"CV";2010;14428
"FRANCE";"CV";2010;457215
"GERMANY";"CV";2010;282157
"GREECE";"CV";2010;12341
"ICELAND";"CV";2010;289
"IRELAND";"CV";2010;11540
"ITALY";"CV";2010;202573
"LUXEMBOURG";"CV";2010;4267
"NETHERLANDS";"CV";2010;59781
"NORWAY";"CV";2010;34600
"PORTUGAL";"CV";2010;49290
"SPAIN";"CV";2010;132104
"SWEDEN";"CV";2010;44450
"SWITZERLAND";"CV";2010;30540
"UNITED KINGDOM";"CV";2010;262730
"BULGARIA";"CV";2010;3825
"CROATIA";"CV";2010;3444
"CYPRUS";"CV";2010;3832
"CZECH REPUBLIC";"CV";2010;17068
"ESTONIA";"CV";2010;1908
"HUNGARY";"CV";2010;11745
"LATVIA";"CV";2010;2399
"LITHUANIA";"CV";2010;1169
"MALTA";"CV";2010;948
"POLAND";"CV";2010;50722
"ROMANIA";"CV";2010;9649
"SLOVAKIA";"CV";2010;9787
"SLOVENIA";"CV";2010;5729
"ALBANIA";"CV";2010;200
"ARMENIA";"CV";2010;400
"BELARUS";"CV";2010;4000
"BOSNIA";"CV";2010;1000
"GEORGIA";"CV";2010;1000
"MACEDONIA";"CV";2010;1000
"MOLDAVIA";"CV";2010;200
"RUSSIA";"CV";2010;194341
"SERBIA";"CV";2010;2291
"TURKEY";"CV";2010;251129
"UKRAINE";"CV";2010;18868
"CANADA";"CV";2010;889039
"MEXICO";"CV";2010;344606
"UNITED STATES OF AMERICA";"CV";2010;6136787
"ARGENTINA";"CV";2010;175813
"BAHAMAS";"CV";2010;1200
"BELIZE";"CV";2010;150
"BOLIVIA";"CV";2010;3000
"BRAZIL";"CV";2010;658524
"CHILE";"CV";2010;91024
"COLOMBIA";"CV";2010;35000
"COSTA RICA";"CV";2010;4000
"CUBA";"CV";2010;400
"DOMINICAN REPUBLIC";"CV";2010;8016
"ECUADOR";"CV";2010;41922
"EL SALVADOR";"CV";2010;4000
"GUADELOUPE";"CV";2010;2529
"GUATEMALA";"CV";2010;8000
"GUIANA";"CV";2010;1324
"HONDURAS";"CV";2010;8000
"JAMAICA";"CV";2010;1000
"MARTINIQUE";"CV";2010;2099
"NICARAGUA";"CV";2010;3000
"PANAMA";"CV";2010;8000
"PARAGUAY";"CV";2010;8000
"PERU";"CV";2010;46942
"PUERTO RICO";"CV";2010;30000
"TRINIDAD";"CV";2010;4000
"URUGUAY";"CV";2010;15000
"VENEZUELA";"CV";2010;56992
"AUSTRALIA";"CV";2010;208167
"AZERBAIDJAN";"CV";2010;700
"BAHRAIN";"CV";2010;6000
"BANGLADESH";"CV";2010;19700
"BRUNEI";"CV";2010;500
"CAMBODGE";"CV";2010;1400
"CHINA";"CV";2010;4304142
"HONG-KONG";"CV";2010;7599
"INDIA";"CV";2010;653193
"INDONESIA";"CV";2010;223235
"IRAK";"CV";2010;1e+05
"IRAN";"CV";2010;232440
"ISRAEL";"CV";2010;17000
"JAPAN";"CV";2010;752967
"JORDAN";"CV";2010;10000
"KAZAKHSTAN";"CV";2010;5000
"KIRGHIZISTAN";"CV";2010;800
"KUWAIT";"CV";2010;20000
"LAOS";"CV";2010;1000
"LEBANON";"CV";2010;2500
"MALAYSIA";"CV";2010;61562
"MONGOLIA";"CV";2010;300
"MYANMAR";"CV";2010;1000
"NEPAL";"CV";2010;1000
"NEW CALEDONIA";"CV";2010;5418
"NEW ZEALAND";"CV";2010;21221
"OMAN";"CV";2010;63000
"PAKISTAN";"CV";2010;22316
"PALESTINE";"CV";2010;4500
"PHILIPPINES";"CV";2010;110725
"QATAR";"CV";2010;15500
"SAUDI ARABIA";"CV";2010;150000
"SINGAPORE";"CV";2010;4618
"SOUTH KOREA";"CV";2010;273891
"SRI LANKA";"CV";2010;1000
"SYRIA";"CV";2010;9400
"TADJIKISTAN";"CV";2010;200
"TAHITI";"CV";2010;2000
"TAIWAN";"CV";2010;44200
"THAILAND";"CV";2010;453713
"TUKMENISTAN";"CV";2010;200
"UNITED ARAB EMIRATES";"CV";2010;31344
"UZBEKISTAN";"CV";2010;13000
"VIETNAM";"CV";2010;54446
"YEMEN";"CV";2010;2000
"ALGERIA";"CV";2010;35641
"ANGOLA";"CV";2010;10000
"BOTSWANA";"CV";2010;3900
"BURKINA";"CV";2010;400
"BURUNDI";"CV";2010;300
"CAMEROON";"CV";2010;1500
"CONGO KINSHASA";"CV";2010;1000
"EGYPT";"CV";2010;56069
"GABON";"CV";2010;2000
"GHANA";"CV";2010;2000
"IVORY COAST";"CV";2010;2000
"KENYA";"CV";2010;2000
"LIBERIA";"CV";2010;200
"LIBYA";"CV";2010;16500
"MADAGASCAR";"CV";2010;900
"MALAWI";"CV";2010;700
"MAURITIUS";"CV";2010;2000
"MOROCCO";"CV";2010;12317
"NIGERIA";"CV";2010;12000
"REUNION";"CV";2010;4460
"SENEGAL";"CV";2010;2000
"SOUTH AFRICA";"CV";2010;155777
"SUDAN";"CV";2010;1500
"TANZANIA";"CV";2010;1200
"TUNISIA";"CV";2010;14000
"UGANDA";"CV";2010;500
"ZAMBIA";"CV";2010;1000
"ZIMBABWE";"CV";2010;1000
"AUSTRIA";"CV";2011;40510
"BELGIUM";"CV";2011;71300
"DENMARK";"CV";2011;28482
"FINLAND";"CV";2011;18302
"FRANCE";"CV";2011;482823
"GERMANY";"CV";2011;334820
"GREECE";"CV";2011;7002
"ICELAND";"CV";2011;433
"IRELAND";"CV";2011;12532
"ITALY";"CV";2011;193209
"LUXEMBOURG";"CV";2011;5134
"NETHERLANDS";"CV";2011;71945
"NORWAY";"CV";2011;41968
"PORTUGAL";"CV";2011;37958
"SPAIN";"CV";2011;123353
"SWEDEN";"CV";2011;54082
"SWITZERLAND";"CV";2011;36298
"UNITED KINGDOM";"CV";2011;308230
"BULGARIA";"CV";2011;4279
"CROATIA";"CV";2011;4374
"CYPRUS";"CV";2011;2478
"CZECH REPUBLIC";"CV";2011;21350
"ESTONIA";"CV";2011;3276
"HUNGARY";"CV";2011;15899
"LATVIA";"CV";2011;4695
"LITHUANIA";"CV";2011;3332
"MALTA";"CV";2011;1602
"POLAND";"CV";2011;61354
"ROMANIA";"CV";2011;13799
"SLOVAKIA";"CV";2011;9701
"SLOVENIA";"CV";2011;7258
"ALBANIA";"CV";2011;160
"ARMENIA";"CV";2011;400
"BELARUS";"CV";2011;5000
"BOSNIA";"CV";2011;1000
"GEORGIA";"CV";2011;1000
"MACEDONIA";"CV";2011;900
"MOLDAVIA";"CV";2011;400
"RUSSIA";"CV";2011;247924
"SERBIA";"CV";2011;3140
"TURKEY";"CV";2011;270920
"UKRAINE";"CV";2011;19797
"CANADA";"CV";2011;938265
"MEXICO";"CV";2011;344679
"UNITED STATES OF AMERICA";"CV";2011;6951210
"ARGENTINA";"CV";2011;209497
"BAHAMAS";"CV";2011;1000
"BELIZE";"CV";2011;200
"BOLIVIA";"CV";2011;4500
"BRAZIL";"CV";2011;731601
"CHILE";"CV";2011;111067
"COLOMBIA";"CV";2011;45000
"COSTA RICA";"CV";2011;4000
"CUBA";"CV";2011;500
"DOMINICAN REPUBLIC";"CV";2011;17145
"ECUADOR";"CV";2011;45596
"EL SALVADOR";"CV";2011;5000
"GUADELOUPE";"CV";2011;2669
"GUATEMALA";"CV";2011;9000
"GUIANA";"CV";2011;1317
"HONDURAS";"CV";2011;9000
"JAMAICA";"CV";2011;1500
"MARTINIQUE";"CV";2011;2349
"NICARAGUA";"CV";2011;3000
"PANAMA";"CV";2011;9000
"PARAGUAY";"CV";2011;10000
"PERU";"CV";2011;56982
"PUERTO RICO";"CV";2011;40000
"TRINIDAD";"CV";2011;4000
"URUGUAY";"CV";2011;16661
"VENEZUELA";"CV";2011;55350
"AUSTRALIA";"CV";2011;204987
"AZERBAIDJAN";"CV";2011;850
"BAHRAIN";"CV";2011;5000
"BANGLADESH";"CV";2011;19100
"BRUNEI";"CV";2011;2000
"CAMBODGE";"CV";2011;1400
"CHINA";"CV";2011;4032698
"HONG-KONG";"CV";2011;8488
"INDIA";"CV";2011;777424
"INDONESIA";"CV";2011;291873
"IRAK";"CV";2011;60000
"IRAN";"CV";2011;235229
"ISRAEL";"CV";2011;17000
"JAPAN";"CV";2011;701188
"JORDAN";"CV";2011;11000
"KAZAKHSTAN";"CV";2011;5000
"KIRGHIZISTAN";"CV";2011;900
"KUWAIT";"CV";2011;19500
"LAOS";"CV";2011;1000
"LEBANON";"CV";2011;2500
"MALAYSIA";"CV";2011;65010
"MONGOLIA";"CV";2011;290
"MYANMAR";"CV";2011;1000
"NEPAL";"CV";2011;1000
"NEW CALEDONIA";"CV";2011;5301
"NEW ZEALAND";"CV";2011;20672
"OMAN";"CV";2011;54500
"PAKISTAN";"CV";2011;23076
"PALESTINE";"CV";2011;5000
"PHILIPPINES";"CV";2011;107288
"QATAR";"CV";2011;16000
"SAUDI ARABIA";"CV";2011;130000
"SINGAPORE";"CV";2011;6077
"SOUTH KOREA";"CV";2011;292904
"SRI LANKA";"CV";2011;1000
"SYRIA";"CV";2011;6800
"TADJIKISTAN";"CV";2011;210
"TAHITI";"CV";2011;1000
"TAIWAN";"CV";2011;50585
"THAILAND";"CV";2011;433640
"TUKMENISTAN";"CV";2011;200
"UNITED ARAB EMIRATES";"CV";2011;50714
"UZBEKISTAN";"CV";2011;14000
"VIETNAM";"CV";2011;46374
"YEMEN";"CV";2011;2000
"ALGERIA";"CV";2011;62510
"ANGOLA";"CV";2011;5000
"BOTSWANA";"CV";2011;3700
"BURKINA";"CV";2011;1000
"BURUNDI";"CV";2011;300
"CAMEROON";"CV";2011;1500
"CONGO KINSHASA";"CV";2011;1000
"EGYPT";"CV";2011;61600
"GABON";"CV";2011;2000
"GHANA";"CV";2011;3000
"IVORY COAST";"CV";2011;2000
"KENYA";"CV";2011;2000
"LIBERIA";"CV";2011;200
"LIBYA";"CV";2011;17500
"MADAGASCAR";"CV";2011;1000
"MALAWI";"CV";2011;800
"MAURITIUS";"CV";2011;1500
"MOROCCO";"CV";2011;12366
"NIGERIA";"CV";2011;15000
"REUNION";"CV";2011;5157
"SENEGAL";"CV";2011;2000
"SOUTH AFRICA";"CV";2011;175949
"SUDAN";"CV";2011;1800
"TANZANIA";"CV";2011;1500
"TUNISIA";"CV";2011;12500
"UGANDA";"CV";2011;1000
"ZAMBIA";"CV";2011;1000
"ZIMBABWE";"CV";2011;1300
"AUSTRIA";"CV";2012;38819
"BELGIUM";"CV";2012;63782
"DENMARK";"CV";2012;28384
"FINLAND";"CV";2012;15254
"FRANCE";"CV";2012;432971
"GERMANY";"CV";2012;311498
"GREECE";"CV";2012;4036
"ICELAND";"CV";2012;605
"IRELAND";"CV";2012;12230
"ITALY";"CV";2012;142754
"LUXEMBOURG";"CV";2012;4651
"NETHERLANDS";"CV";2012;69349
"NORWAY";"CV";2012;38942
"PORTUGAL";"CV";2012;18126
"SPAIN";"CV";2012;91402
"SWEDEN";"CV";2012;46542
"SWITZERLAND";"CV";2012;38134
"UNITED KINGDOM";"CV";2012;289154
"BULGARIA";"CV";2012;3351
"CROATIA";"CV";2012;4294
"CYPRUS";"CV";2012;1440
"CZECH REPUBLIC";"CV";2012;19786
"ESTONIA";"CV";2012;3649
"HUNGARY";"CV";2012;15109
"LATVIA";"CV";2012;3832
"LITHUANIA";"CV";2012;4504
"MALTA";"CV";2012;591
"POLAND";"CV";2012;57080
"ROMANIA";"CV";2012;14287
"SLOVAKIA";"CV";2012;8921
"SLOVENIA";"CV";2012;6951
"ALBANIA";"CV";2012;200
"ARMENIA";"CV";2012;400
"BELARUS";"CV";2012;4500
"BOSNIA";"CV";2012;740
"GEORGIA";"CV";2012;1300
"MACEDONIA";"CV";2012;650
"MOLDAVIA";"CV";2012;300
"RUSSIA";"CV";2012;386167
"SERBIA";"CV";2012;3900
"TURKEY";"CV";2012;261340
"UKRAINE";"CV";2012;21984
"CANADA";"CV";2012;967648
"MEXICO";"CV";2012;375241
"UNITED STATES OF AMERICA";"CV";2012;7544036
"ARGENTINA";"CV";2012;233661
"BAHAMAS";"CV";2012;1000
"BELIZE";"CV";2012;200
"BOLIVIA";"CV";2012;7000
"BRAZIL";"CV";2012;686848
"CHILE";"CV";2012;105318
"COLOMBIA";"CV";2012;45000
"COSTA RICA";"CV";2012;6000
"CUBA";"CV";2012;500
"DOMINICAN REPUBLIC";"CV";2012;11879
"ECUADOR";"CV";2012;40802
"EL SALVADOR";"CV";2012;6000
"GUADELOUPE";"CV";2012;2294
"GUATEMALA";"CV";2012;10000
"GUIANA";"CV";2012;1368
"HONDURAS";"CV";2012;10000
"JAMAICA";"CV";2012;2500
"MARTINIQUE";"CV";2012;2049
"NICARAGUA";"CV";2012;5000
"PANAMA";"CV";2012;8000
"PARAGUAY";"CV";2012;10000
"PERU";"CV";2012;62466
"PUERTO RICO";"CV";2012;42000
"TRINIDAD";"CV";2012;6500
"URUGUAY";"CV";2012;18350
"VENEZUELA";"CV";2012;69777
"AUSTRALIA";"CV";2012;229352
"AZERBAIDJAN";"CV";2012;1000
"BAHRAIN";"CV";2012;7000
"BANGLADESH";"CV";2012;18800
"BRUNEI";"CV";2012;5000
"CAMBODGE";"CV";2012;1400
"CHINA";"CV";2012;3811195
"HONG-KONG";"CV";2012;8626
"INDIA";"CV";2012;813589
"INDONESIA";"CV";2012;335445
"IRAK";"CV";2012;40000
"IRAN";"CV";2012;143162
"ISRAEL";"CV";2012;16500
"JAPAN";"CV";2012;797388
"JORDAN";"CV";2012;11500
"KAZAKHSTAN";"CV";2012;11272
"KIRGHIZISTAN";"CV";2012;800
"KUWAIT";"CV";2012;23500
"LAOS";"CV";2012;2000
"LEBANON";"CV";2012;2000
"MALAYSIA";"CV";2012;75564
"MONGOLIA";"CV";2012;290
"MYANMAR";"CV";2012;1000
"NEPAL";"CV";2012;2000
"NEW CALEDONIA";"CV";2012;4737
"NEW ZEALAND";"CV";2012;23924
"OMAN";"CV";2012;74500
"PAKISTAN";"CV";2012;21630
"PALESTINE";"CV";2012;15000
"PHILIPPINES";"CV";2012;120083
"QATAR";"CV";2012;20000
"SAUDI ARABIA";"CV";2012;165000
"SINGAPORE";"CV";2012;4523
"SOUTH KOREA";"CV";2012;275684
"SRI LANKA";"CV";2012;1500
"SYRIA";"CV";2012;7700
"TADJIKISTAN";"CV";2012;300
"TAHITI";"CV";2012;1000
"TAIWAN";"CV";2012;58500
"THAILAND";"CV";2012;763366
"TUKMENISTAN";"CV";2012;200
"UNITED ARAB EMIRATES";"CV";2012;57400
"UZBEKISTAN";"CV";2012;12000
"VIETNAM";"CV";2012;36417
"YEMEN";"CV";2012;2100
"ALGERIA";"CV";2012;66177
"ANGOLA";"CV";2012;11000
"BOTSWANA";"CV";2012;3400
"BURKINA";"CV";2012;300
"BURUNDI";"CV";2012;300
"CAMEROON";"CV";2012;1500
"CONGO KINSHASA";"CV";2012;1500
"EGYPT";"CV";2012;63600
"GABON";"CV";2012;2000
"GHANA";"CV";2012;8000
"IVORY COAST";"CV";2012;2500
"KENYA";"CV";2012;7500
"LIBERIA";"CV";2012;200
"LIBYA";"CV";2012;9000
"MADAGASCAR";"CV";2012;1000
"MALAWI";"CV";2012;500
"MAURITIUS";"CV";2012;2500
"MOROCCO";"CV";2012;12488
"NIGERIA";"CV";2012;10000
"REUNION";"CV";2012;5154
"SENEGAL";"CV";2012;2000
"SOUTH AFRICA";"CV";2012;183919
"SUDAN";"CV";2012;1500
"TANZANIA";"CV";2012;3000
"TUNISIA";"CV";2012;12000
"UGANDA";"CV";2012;1500
"ZAMBIA";"CV";2012;1500
"ZIMBABWE";"CV";2012;1400
"AUSTRIA";"CV";2013;38857
"BELGIUM";"CV";2013;61074
"DENMARK";"CV";2013;28753
"FINLAND";"CV";2013;13913
"FRANCE";"CV";2013;416917
"GERMANY";"CV";2013;305287
"GREECE";"CV";2013;3876
"ICELAND";"CV";2013;748
"IRELAND";"CV";2013;12729
"ITALY";"CV";2013;116166
"LUXEMBOURG";"CV";2013;4262
"NETHERLANDS";"CV";2013;64399
"NORWAY";"CV";2013;37891
"PORTUGAL";"CV";2013;20768
"SPAIN";"CV";2013;100261
"SWEDEN";"CV";2013;43468
"SWITZERLAND";"CV";2013;35833
"UNITED KINGDOM";"CV";2013;330976
"BULGARIA";"CV";2013;3614
"CROATIA";"CV";2013;6017
"CYPRUS";"CV";2013;949
"CZECH REPUBLIC";"CV";2013;21203
"ESTONIA";"CV";2013;3689
"HUNGARY";"CV";2013;16836
"LATVIA";"CV";2013;3844
"LITHUANIA";"CV";2013;5423
"MALTA";"CV";2013;563
"POLAND";"CV";2013;63284
"ROMANIA";"CV";2013;13306
"SLOVAKIA";"CV";2013;9206
"SLOVENIA";"CV";2013;7514
"ALBANIA";"CV";2013;190
"ARMENIA";"CV";2013;390
"BELARUS";"CV";2013;4400
"BOSNIA";"CV";2013;720
"GEORGIA";"CV";2013;1300
"MACEDONIA";"CV";2013;800
"MOLDAVIA";"CV";2013;400
"RUSSIA";"CV";2013;349469
"SERBIA";"CV";2013;3800
"TURKEY";"CV";2013;228469
"UKRAINE";"CV";2013;19572
"CANADA";"CV";2013;1024908
"MEXICO";"CV";2013;402325
"UNITED STATES OF AMERICA";"CV";2013;8298102
"ARGENTINA";"CV";2013;279538
"BAHAMAS";"CV";2013;800
"BELIZE";"CV";2013;210
"BOLIVIA";"CV";2013;8500
"BRAZIL";"CV";2013;726587
"CHILE";"CV";2013;111055
"COLOMBIA";"CV";2013;48000
"COSTA RICA";"CV";2013;6400
"CUBA";"CV";2013;530
"DOMINICAN REPUBLIC";"CV";2013;13642
"ECUADOR";"CV";2013;39643
"EL SALVADOR";"CV";2013;6400
"GUADELOUPE";"CV";2013;2289
"GUATEMALA";"CV";2013;12000
"GUIANA";"CV";2013;1286
"HONDURAS";"CV";2013;11000
"JAMAICA";"CV";2013;2700
"MARTINIQUE";"CV";2013;1927
"NICARAGUA";"CV";2013;5300
"PANAMA";"CV";2013;8500
"PARAGUAY";"CV";2013;10700
"PERU";"CV";2013;61873
"PUERTO RICO";"CV";2013;44800
"TRINIDAD";"CV";2013;6900
"URUGUAY";"CV";2013;19269
"VENEZUELA";"CV";2013;54991
"AUSTRALIA";"CV";2013;236262
"AZERBAIDJAN";"CV";2013;1700
"BAHRAIN";"CV";2013;9500
"BANGLADESH";"CV";2013;18500
"BRUNEI";"CV";2013;4900
"CAMBODGE";"CV";2013;1400
"CHINA";"CV";2013;4056349
"HONG-KONG";"CV";2013;11402
"INDIA";"CV";2013;687323
"INDONESIA";"CV";2013;349779
"IRAK";"CV";2013;39300
"IRAN";"CV";2013;113041
"ISRAEL";"CV";2013;15500
"JAPAN";"CV";2013;813231
"JORDAN";"CV";2013;14500
"KAZAKHSTAN";"CV";2013;12046
"KIRGHIZISTAN";"CV";2013;800
"KUWAIT";"CV";2013;26500
"LAOS";"CV";2013;3000
"LEBANON";"CV";2013;2000
"MALAYSIA";"CV";2013;79136
"MONGOLIA";"CV";2013;700
"MYANMAR";"CV";2013;1000
"NEPAL";"CV";2013;2000
"NEW CALEDONIA";"CV";2013;4616
"NEW ZEALAND";"CV";2013;30861
"OMAN";"CV";2013;75000
"PAKISTAN";"CV";2013;20656
"PALESTINE";"CV";2013;14700
"PHILIPPINES";"CV";2013;135137
"QATAR";"CV";2013;20000
"SAUDI ARABIA";"CV";2013;170000
"SINGAPORE";"CV";2013;6156
"SOUTH KOREA";"CV";2013;299696
"SRI LANKA";"CV";2013;2000
"SYRIA";"CV";2013;7600
"TADJIKISTAN";"CV";2013;290
"TAHITI";"CV";2013;1000
"TAIWAN";"CV";2013;46929
"THAILAND";"CV";2013;666926
"TUKMENISTAN";"CV";2013;200
"UNITED ARAB EMIRATES";"CV";2013;56400
"UZBEKISTAN";"CV";2013;12000
"VIETNAM";"CV";2013;36835
"YEMEN";"CV";2013;2000
"ALGERIA";"CV";2013;82144
"ANGOLA";"CV";2013;9000
"BOTSWANA";"CV";2013;3800
"BURKINA";"CV";2013;400
"BURUNDI";"CV";2013;320
"CAMEROON";"CV";2013;2000
"CONGO KINSHASA";"CV";2013;900
"EGYPT";"CV";2013;63000
"GABON";"CV";2013;2500
"GHANA";"CV";2013;7000
"IVORY COAST";"CV";2013;2000
"KENYA";"CV";2013;10500
"LIBERIA";"CV";2013;220
"LIBYA";"CV";2013;15000
"MADAGASCAR";"CV";2013;1000
"MALAWI";"CV";2013;540
"MAURITIUS";"CV";2013;2700
"MOROCCO";"CV";2013;12578
"NIGERIA";"CV";2013;12000
"REUNION";"CV";2013;4768
"SENEGAL";"CV";2013;2000
"SOUTH AFRICA";"CV";2013;200184
"SUDAN";"CV";2013;1000
"TANZANIA";"CV";2013;3200
"TUNISIA";"CV";2013;12000
"UGANDA";"CV";2013;2000
"ZAMBIA";"CV";2013;2000
"ZIMBABWE";"CV";2013;2000
"AUSTRIA";"CV";2014;38897
"BELGIUM";"CV";2014;62316
"DENMARK";"CV";2014;32658
"FINLAND";"CV";2014;13876
"FRANCE";"CV";2014;415042
"GERMANY";"CV";2014;319945
"GREECE";"CV";2014;5447
"ICELAND";"CV";2014;1093
"IRELAND";"CV";2014;18701
"ITALY";"CV";2014;132430
"LUXEMBOURG";"CV";2014;4529
"NETHERLANDS";"CV";2014;62777
"NORWAY";"CV";2014;36071
"PORTUGAL";"CV";2014;29531
"SPAIN";"CV";2014;139657
"SWEDEN";"CV";2014;48519
"SWITZERLAND";"CV";2014;36462
"UNITED KINGDOM";"CV";2014;366590
"BULGARIA";"CV";2014;3972
"CROATIA";"CV";2014;6234
"CYPRUS";"CV";2014;1171
"CZECH REPUBLIC";"CV";2014;23280
"ESTONIA";"CV";2014;3876
"HUNGARY";"CV";2014;21243
"LATVIA";"CV";2014;3809
"LITHUANIA";"CV";2014;4536
"MALTA";"CV";2014;583
"POLAND";"CV";2014;64767
"ROMANIA";"CV";2014;17527
"SLOVAKIA";"CV";2014;9723
"SLOVENIA";"CV";2014;8638
"ALBANIA";"CV";2014;250
"ARMENIA";"CV";2014;400
"BELARUS";"CV";2014;3500
"BOSNIA";"CV";2014;600
"GEORGIA";"CV";2014;1200
"MACEDONIA";"CV";2014;800
"MOLDAVIA";"CV";2014;400
"RUSSIA";"CV";2014;259329
"SERBIA";"CV";2014;3900
"TURKEY";"CV";2014;220155
"UKRAINE";"CV";2014;8937
"CANADA";"CV";2014;1129938
"MEXICO";"CV";2014;431055
"UNITED STATES OF AMERICA";"CV";2014;9154354
"ARGENTINA";"CV";2014;181152
"BAHAMAS";"CV";2014;900
"BELIZE";"CV";2014;200
"BOLIVIA";"CV";2014;12400
"BRAZIL";"CV";2014;703325
"CHILE";"CV";2014;97365
"COLOMBIA";"CV";2014;49000
"COSTA RICA";"CV";2014;6900
"CUBA";"CV";2014;500
"DOMINICAN REPUBLIC";"CV";2014;13842
"ECUADOR";"CV";2014;41575
"EL SALVADOR";"CV";2014;6800
"GUADELOUPE";"CV";2014;2174
"GUATEMALA";"CV";2014;12500
"GUIANA";"CV";2014;1286
"HONDURAS";"CV";2014;10300
"JAMAICA";"CV";2014;2700
"MARTINIQUE";"CV";2014;2026
"NICARAGUA";"CV";2014;4200
"PANAMA";"CV";2014;9200
"PARAGUAY";"CV";2014;9500
"PERU";"CV";2014;46718
"PUERTO RICO";"CV";2014;41700
"TRINIDAD";"CV";2014;9700
"URUGUAY";"CV";2014;16377
"VENEZUELA";"CV";2014;13277
"AUSTRALIA";"CV";2014;229281
"AZERBAIDJAN";"CV";2014;1900
"BAHRAIN";"CV";2014;11500
"BANGLADESH";"CV";2014;22600
"BRUNEI";"CV";2014;5900
"CAMBODGE";"CV";2014;1700
"CHINA";"CV";2014;3791324
"HONG-KONG";"CV";2014;13700
"INDIA";"CV";2014;606269
"INDONESIA";"CV";2014;332141
"IRAK";"CV";2014;26700
"IRAN";"CV";2014;180900
"ISRAEL";"CV";2014;14400
"JAPAN";"CV";2014;863297
"JORDAN";"CV";2014;8100
"KAZAKHSTAN";"CV";2014;12137
"KIRGHIZISTAN";"CV";2014;800
"KUWAIT";"CV";2014;26000
"LAOS";"CV";2014;4900
"LEBANON";"CV";2014;2000
"MALAYSIA";"CV";2014;78139
"MONGOLIA";"CV";2014;500
"MYANMAR";"CV";2014;800
"NEPAL";"CV";2014;3000
"NEW CALEDONIA";"CV";2014;4441
"NEW ZEALAND";"CV";2014;36377
"OMAN";"CV";2014;69800
"PAKISTAN";"CV";2014;22932
"PALESTINE";"CV";2014;14700
"PHILIPPINES";"CV";2014;144460
"QATAR";"CV";2014;21400
"SAUDI ARABIA";"CV";2014;195500
"SINGAPORE";"CV";2014;11969
"SOUTH KOREA";"CV";2014;302034
"SRI LANKA";"CV";2014;1700
"SYRIA";"CV";2014;6300
"TADJIKISTAN";"CV";2014;300
"TAHITI";"CV";2014;1400
"TAIWAN";"CV";2014;46650
"THAILAND";"CV";2014;470430
"TUKMENISTAN";"CV";2014;200
"UNITED ARAB EMIRATES";"CV";2014;56400
"UZBEKISTAN";"CV";2014;12100
"VIETNAM";"CV";2014;54749
"YEMEN";"CV";2014;2100
"ALGERIA";"CV";2014;74500
"ANGOLA";"CV";2014;11700
"BOTSWANA";"CV";2014;4500
"BURKINA";"CV";2014;200
"BURUNDI";"CV";2014;200
"CAMEROON";"CV";2014;2100
"CONGO KINSHASA";"CV";2014;900
"EGYPT";"CV";2014;75600
"GABON";"CV";2014;2000
"GHANA";"CV";2014;6100
"IVORY COAST";"CV";2014;2100
"KENYA";"CV";2014;10500
"LIBERIA";"CV";2014;200
"LIBYA";"CV";2014;15000
"MADAGASCAR";"CV";2014;1000
"MALAWI";"CV";2014;600
"MAURITIUS";"CV";2014;2000
"MOROCCO";"CV";2014;12411
"NIGERIA";"CV";2014;11900
"REUNION";"CV";2014;5152
"SENEGAL";"CV";2014;2300
"SOUTH AFRICA";"CV";2014;205240
"SUDAN";"CV";2014;1200
"TANZANIA";"CV";2014;4800
"TUNISIA";"CV";2014;13800
"UGANDA";"CV";2014;1900
"ZAMBIA";"CV";2014;2000
"ZIMBABWE";"CV";2014;1700
"AUSTRIA";"CV";2015;41042
"BELGIUM";"CV";2015;70458
"DENMARK";"CV";2015;37767
"FINLAND";"CV";2015;14664
"FRANCE";"CV";2015;427866
"GERMANY";"CV";2015;333783
"GREECE";"CV";2015;6239
"ICELAND";"CV";2015;1601
"IRELAND";"CV";2015;25876
"ITALY";"CV";2015;150342
"LUXEMBOURG";"CV";2015;5134
"NETHERLANDS";"CV";2015;71828
"NORWAY";"CV";2015;39420
"PORTUGAL";"CV";2015;35151
"SPAIN";"CV";2015;182982
"SWEDEN";"CV";2015;51585
"SWITZERLAND";"CV";2015;38867
"UNITED KINGDOM";"CV";2015;427903
"BULGARIA";"CV";2015;4553
"CROATIA";"CV";2015;7953
"CYPRUS";"CV";2015;1490
"CZECH REPUBLIC";"CV";2015;29213
"ESTONIA";"CV";2015;4574
"HUNGARY";"CV";2015;23762
"LATVIA";"CV";2015;3999
"LITHUANIA";"CV";2015;6164
"MALTA";"CV";2015;808
"POLAND";"CV";2015;77464
"ROMANIA";"CV";2015;22266
"SLOVAKIA";"CV";2015;12123
"SLOVENIA";"CV";2015;9523
"ALBANIA";"CV";2015;250
"ARMENIA";"CV";2015;200
"BELARUS";"CV";2015;3400
"BOSNIA";"CV";2015;600
"GEORGIA";"CV";2015;900
"MACEDONIA";"CV";2015;700
"MOLDAVIA";"CV";2015;100
"RUSSIA";"CV";2015;158183
"SERBIA";"CV";2015;3300
"TURKEY";"CV";2015;285598
"UKRAINE";"CV";2015;5795
"CANADA";"CV";2015;1227195
"MEXICO";"CV";2015;497280
"UNITED STATES OF AMERICA";"CV";2015;10328798
"ARGENTINA";"CV";2015;163069
"BAHAMAS";"CV";2015;700
"BELIZE";"CV";2015;400
"BOLIVIA";"CV";2015;8600
"BRAZIL";"CV";2015;445967
"CHILE";"CV";2015;85762
"COLOMBIA";"CV";2015;35600
"COSTA RICA";"CV";2015;11000
"CUBA";"CV";2015;500
"DOMINICAN REPUBLIC";"CV";2015;16428
"ECUADOR";"CV";2015;29208
"EL SALVADOR";"CV";2015;7000
"GUADELOUPE";"CV";2015;2311
"GUATEMALA";"CV";2015;13100
"GUIANA";"CV";2015;1209
"HONDURAS";"CV";2015;10400
"JAMAICA";"CV";2015;3600
"MARTINIQUE";"CV";2015;2284
"NICARAGUA";"CV";2015;6400
"PANAMA";"CV";2015;9600
"PARAGUAY";"CV";2015;9500
"PERU";"CV";2015;36349
"PUERTO RICO";"CV";2015;43500
"TRINIDAD";"CV";2015;9100
"URUGUAY";"CV";2015;11846
"VENEZUELA";"CV";2015;7000
"AUSTRALIA";"CV";2015;231254
"AZERBAIDJAN";"CV";2015;1400
"BAHRAIN";"CV";2015;10600
"BANGLADESH";"CV";2015;26300
"BRUNEI";"CV";2015;3100
"CAMBODGE";"CV";2015;5100
"CHINA";"CV";2015;3451263
"HONG-KONG";"CV";2015;13700
"INDIA";"CV";2015;652566
"INDONESIA";"CV";2015;275856
"IRAK";"CV";2015;15700
"IRAN";"CV";2015;166600
"ISRAEL";"CV";2015;12900
"JAPAN";"CV";2015;830621
"JORDAN";"CV";2015;8100
"KAZAKHSTAN";"CV";2015;15969
"KIRGHIZISTAN";"CV";2015;800
"KUWAIT";"CV";2015;19600
"LAOS";"CV";2015;9000
"LEBANON";"CV";2015;2000
"MALAYSIA";"CV";2015;75402
"MONGOLIA";"CV";2015;300
"MYANMAR";"CV";2015;800
"NEPAL";"CV";2015;1900
"NEW CALEDONIA";"CV";2015;3906
"NEW ZEALAND";"CV";2015;39077
"OMAN";"CV";2015;46500
"PAKISTAN";"CV";2015;47457
"PALESTINE";"CV";2015;14700
"PHILIPPINES";"CV";2015;172228
"QATAR";"CV";2015;17200
"SAUDI ARABIA";"CV";2015;157800
"SINGAPORE";"CV";2015;14679
"SOUTH KOREA";"CV";2015;300116
"SRI LANKA";"CV";2015;4500
"SYRIA";"CV";2015;6300
"TADJIKISTAN";"CV";2015;300
"TAHITI";"CV";2015;1100
"TAIWAN";"CV";2015;50357
"THAILAND";"CV";2015;443569
"TUKMENISTAN";"CV";2015;200
"UNITED ARAB EMIRATES";"CV";2015;42700
"UZBEKISTAN";"CV";2015;12100
"VIETNAM";"CV";2015;91278
"YEMEN";"CV";2015;3300
"ALGERIA";"CV";2015;51700
"ANGOLA";"CV";2015;3300
"BOTSWANA";"CV";2015;4100
"BURKINA";"CV";2015;300
"BURUNDI";"CV";2015;200
"CAMEROON";"CV";2015;2500
"CONGO KINSHASA";"CV";2015;1100
"EGYPT";"CV";2015;73700
"GABON";"CV";2015;1600
"GHANA";"CV";2015;1200
"IVORY COAST";"CV";2015;2600
"KENYA";"CV";2015;11200
"LIBERIA";"CV";2015;200
"LIBYA";"CV";2015;15600
"MADAGASCAR";"CV";2015;1100
"MALAWI";"CV";2015;700
"MAURITIUS";"CV";2015;2000
"MOROCCO";"CV";2015;11035
"NIGERIA";"CV";2015;4400
"REUNION";"CV";2015;5409
"SENEGAL";"CV";2015;2100
"SOUTH AFRICA";"CV";2015;205079
"SUDAN";"CV";2015;1400
"TANZANIA";"CV";2015;2600
"TUNISIA";"CV";2015;12400
"UGANDA";"CV";2015;900
"ZAMBIA";"CV";2015;1700
"ZIMBABWE";"CV";2015;1000
"AUSTRIA";"CV";2016;44941
"BELGIUM";"CV";2016;78335
"DENMARK";"CV";2016;42462
"FINLAND";"CV";2016;17439
"FRANCE";"CV";2016;463295
"GERMANY";"CV";2016;357260
"GREECE";"CV";2016;6135
"ICELAND";"CV";2016;2293
"IRELAND";"CV";2016;31119
"ITALY";"CV";2016;225324
"LUXEMBOURG";"CV";2016;5808
"NETHERLANDS";"CV";2016;86585
"NORWAY";"CV";2016;43388
"PORTUGAL";"CV";2016;39998
"SPAIN";"CV";2016;200337
"SWEDEN";"CV";2016;59500
"SWITZERLAND";"CV";2016;38564
"UNITED KINGDOM";"CV";2016;430969
"BULGARIA";"CV";2016;4890
"CROATIA";"CV";2016;9823
"CYPRUS";"CV";2016;1916
"CZECH REPUBLIC";"CV";2016;31315
"ESTONIA";"CV";2016;4972
"HUNGARY";"CV";2016;27255
"LATVIA";"CV";2016;3986
"LITHUANIA";"CV";2016;9060
"MALTA";"CV";2016;824
"POLAND";"CV";2016;88427
"ROMANIA";"CV";2016;27016
"SLOVAKIA";"CV";2016;12435
"SLOVENIA";"CV";2016;12539
"ALBANIA";"CV";2016;250
"ARMENIA";"CV";2016;200
"BELARUS";"CV";2016;2300
"BOSNIA";"CV";2016;800
"GEORGIA";"CV";2016;900
"MACEDONIA";"CV";2016;500
"MOLDAVIA";"CV";2016;200
"RUSSIA";"CV";2016;164784
"SERBIA";"CV";2016;4300
"TURKEY";"CV";2016;250919
"UKRAINE";"CV";2016;9647
"CANADA";"CV";2016;1322657
"MEXICO";"CV";2016;581811
"UNITED STATES OF AMERICA";"CV";2016;10993044
"ARGENTINA";"CV";2016;183725
"BAHAMAS";"CV";2016;600
"BELIZE";"CV";2016;500
"BOLIVIA";"CV";2016;10900
"BRAZIL";"CV";2016;373599
"CHILE";"CV";2016;90697
"COLOMBIA";"CV";2016;30800
"COSTA RICA";"CV";2016;11700
"CUBA";"CV";2016;1000
"DOMINICAN REPUBLIC";"CV";2016;19820
"ECUADOR";"CV";2016;18739
"EL SALVADOR";"CV";2016;6000
"GUADELOUPE";"CV";2016;2411
"GUATEMALA";"CV";2016;13300
"GUIANA";"CV";2016;1214
"HONDURAS";"CV";2016;9400
"JAMAICA";"CV";2016;3100
"MARTINIQUE";"CV";2016;2298
"NICARAGUA";"CV";2016;7300
"PANAMA";"CV";2016;11500
"PARAGUAY";"CV";2016;6700
"PERU";"CV";2016;36047
"PUERTO RICO";"CV";2016;45700
"TRINIDAD";"CV";2016;6300
"URUGUAY";"CV";2016;11190
"VENEZUELA";"CV";2016;1000
"AUSTRALIA";"CV";2016;250859
"AZERBAIDJAN";"CV";2016;800
"BAHRAIN";"CV";2016;7100
"BANGLADESH";"CV";2016;29000
"BRUNEI";"CV";2016;2800
"CAMBODGE";"CV";2016;5500
"CHINA";"CV";2016;3651273
"HONG-KONG";"CV";2016;4600
"INDIA";"CV";2016;702640
"INDONESIA";"CV";2016;213215
"IRAK";"CV";2016;8800
"IRAN";"CV";2016;128200
"ISRAEL";"CV";2016;15800
"JAPAN";"CV";2016;823801
"JORDAN";"CV";2016;8100
"KAZAKHSTAN";"CV";2016;7351
"KIRGHIZISTAN";"CV";2016;200
"KUWAIT";"CV";2016;12600
"LAOS";"CV";2016;6700
"LEBANON";"CV";2016;2200
"MALAYSIA";"CV";2016;65579
"MONGOLIA";"CV";2016;400
"MYANMAR";"CV";2016;1000
"NEPAL";"CV";2016;2900
"NEW CALEDONIA";"CV";2016;3617
"NEW ZEALAND";"CV";2016;44239
"OMAN";"CV";2016;39200
"PAKISTAN";"CV";2016;34073
"PALESTINE";"CV";2016;14700
"PHILIPPINES";"CV";2016;226384
"QATAR";"CV";2016;13500
"SAUDI ARABIA";"CV";2016;106100
"SINGAPORE";"CV";2016;16965
"SOUTH KOREA";"CV";2016;289228
"SRI LANKA";"CV";2016;8600
"SYRIA";"CV";2016;6300
"TADJIKISTAN";"CV";2016;400
"TAHITI";"CV";2016;1100
"TAIWAN";"CV";2016;56254
"THAILAND";"CV";2016;440735
"TUKMENISTAN";"CV";2016;500
"UNITED ARAB EMIRATES";"CV";2016;32100
"UZBEKISTAN";"CV";2016;12400
"VIETNAM";"CV";2016;112332
"YEMEN";"CV";2016;2500
"ALGERIA";"CV";2016;11300
"ANGOLA";"CV";2016;1700
"BOTSWANA";"CV";2016;4600
"BURKINA";"CV";2016;500
"BURUNDI";"CV";2016;600
"CAMEROON";"CV";2016;2300
"CONGO KINSHASA";"CV";2016;600
"EGYPT";"CV";2016;49300
"GABON";"CV";2016;1300
"GHANA";"CV";2016;3200
"IVORY COAST";"CV";2016;2100
"KENYA";"CV";2016;8200
"LIBERIA";"CV";2016;300
"LIBYA";"CV";2016;14800
"MADAGASCAR";"CV";2016;600
"MALAWI";"CV";2016;300
"MAURITIUS";"CV";2016;2300
"MOROCCO";"CV";2016;10786
"NIGERIA";"CV";2016;3800
"REUNION";"CV";2016;5846
"SENEGAL";"CV";2016;2200
"SOUTH AFRICA";"CV";2016;186117
"SUDAN";"CV";2016;1000
"TANZANIA";"CV";2016;2200
"TUNISIA";"CV";2016;14400
"UGANDA";"CV";2016;1100
"ZAMBIA";"CV";2016;900
"ZIMBABWE";"CV";2016;900
"AUSTRIA";"PC";2005;307915
"BELGIUM";"PC";2005;480088
"DENMARK";"PC";2005;148819
"FINLAND";"PC";2005;148161
"FRANCE";"PC";2005;2118042
"GERMANY";"PC";2005;3319259
"GREECE";"PC";2005;269728
"ICELAND";"PC";2005;18060
"IRELAND";"PC";2005;171742
"ITALY";"PC";2005;2244108
"LUXEMBOURG";"PC";2005;48517
"NETHERLANDS";"PC";2005;465196
"NORWAY";"PC";2005;109907
"PORTUGAL";"PC";2005;206488
"SPAIN";"PC";2005;1528877
"SWEDEN";"PC";2005;274301
"SWITZERLAND";"PC";2005;266770
"UNITED KINGDOM";"PC";2005;2439717
"BULGARIA";"PC";2005;25956
"CROATIA";"PC";2005;70541
"CYPRUS";"PC";2005;17687
"CZECH REPUBLIC";"PC";2005;151699
"ESTONIA";"PC";2005;19640
"HUNGARY";"PC";2005;198982
"LATVIA";"PC";2005;10467
"LITHUANIA";"PC";2005;16602
"MALTA";"PC";2005;6552
"POLAND";"PC";2005;207007
"ROMANIA";"PC";2005;214967
"SLOVAKIA";"PC";2005;56916
"SLOVENIA";"PC";2005;59324
"ALBANIA";"PC";2005;800
"ARMENIA";"PC";2005;11000
"BELARUS";"PC";2005;9000
"BOSNIA";"PC";2005;10000
"GEORGIA";"PC";2005;1500
"MACEDONIA";"PC";2005;9300
"MOLDAVIA";"PC";2005;4000
"RUSSIA";"PC";2005;1520225
"SERBIA";"PC";2005;21603
"TURKEY";"PC";2005;438597
"UKRAINE";"PC";2005;258395
"CANADA";"PC";2005;847436
"MEXICO";"PC";2005;714010
"UNITED STATES OF AMERICA";"PC";2005;7659983
"ARGENTINA";"PC";2005;290648
"BAHAMAS";"PC";2005;2500
"BELIZE";"PC";2005;100
"BOLIVIA";"PC";2005;1000
"BRAZIL";"PC";2005;1439822
"CHILE";"PC";2005;140000
"COLOMBIA";"PC";2005;120000
"COSTA RICA";"PC";2005;13000
"CUBA";"PC";2005;2000
"DOMINICAN REPUBLIC";"PC";2005;6163
"ECUADOR";"PC";2005;54342
"EL SALVADOR";"PC";2005;4000
"GUADELOUPE";"PC";2005;14359
"GUATEMALA";"PC";2005;8100
"GUIANA";"PC";2005;4085
"HONDURAS";"PC";2005;4800
"JAMAICA";"PC";2005;3000
"MARTINIQUE";"PC";2005;14749
"NICARAGUA";"PC";2005;3000
"PANAMA";"PC";2005;10000
"PARAGUAY";"PC";2005;3000
"PERU";"PC";2005;14231
"PUERTO RICO";"PC";2005;96000
"TRINIDAD";"PC";2005;10000
"URUGUAY";"PC";2005;10000
"VENEZUELA";"PC";2005;128601
"AUSTRALIA";"PC";2005;789096
"AZERBAIDJAN";"PC";2005;12100
"BAHRAIN";"PC";2005;18000
"BANGLADESH";"PC";2005;6500
"BRUNEI";"PC";2005;15000
"CAMBODGE";"PC";2005;1000
"CHINA";"PC";2005;3971101
"HONG-KONG";"PC";2005;27483
"INDIA";"PC";2005;1106863
"INDONESIA";"PC";2005;364319
"IRAK";"PC";2005;2000
"IRAN";"PC";2005;730000
"ISRAEL";"PC";2005;130000
"JAPAN";"PC";2005;4748482
"JORDAN";"PC";2005;10000
"KAZAKHSTAN";"PC";2005;39800
"KIRGHIZISTAN";"PC";2005;5000
"KUWAIT";"PC";2005;50000
"LAOS";"PC";2005;1000
"LEBANON";"PC";2005;15000
"MALAYSIA";"PC";2005;410892
"MONGOLIA";"PC";2005;500
"MYANMAR";"PC";2005;1000
"NEPAL";"PC";2005;1000
"NEW CALEDONIA";"PC";2005;7397
"NEW ZEALAND";"PC";2005;77825
"OMAN";"PC";2005;147500
"PAKISTAN";"PC";2005;141326
"PALESTINE";"PC";2005;13500
"PHILIPPINES";"PC";2005;35063
"QATAR";"PC";2005;61100
"SAUDI ARABIA";"PC";2005;407000
"SINGAPORE";"PC";2005;109167
"SOUTH KOREA";"PC";2005;893159
"SRI LANKA";"PC";2005;2600
"SYRIA";"PC";2005;32985
"TADJIKISTAN";"PC";2005;5300
"TAHITI";"PC";2005;5200
"TAIWAN";"PC";2005;325840
"THAILAND";"PC";2005;178291
"TUKMENISTAN";"PC";2005;3900
"UNITED ARAB EMIRATES";"PC";2005;137000
"UZBEKISTAN";"PC";2005;28500
"VIETNAM";"PC";2005;24888
"YEMEN";"PC";2005;4000
"ALGERIA";"PC";2005;71046
"ANGOLA";"PC";2005;6000
"BOTSWANA";"PC";2005;1300
"BURKINA";"PC";2005;500
"BURUNDI";"PC";2005;500
"CAMEROON";"PC";2005;1300
"CONGO KINSHASA";"PC";2005;200
"EGYPT";"PC";2005;94538
"GABON";"PC";2005;800
"GHANA";"PC";2005;2500
"IVORY COAST";"PC";2005;2000
"KENYA";"PC";2005;2000
"LIBERIA";"PC";2005;300
"LIBYA";"PC";2005;35000
"MADAGASCAR";"PC";2005;930
"MALAWI";"PC";2005;930
"MAURITIUS";"PC";2005;2900
"MOROCCO";"PC";2005;56183
"NIGERIA";"PC";2005;16000
"REUNION";"PC";2005;25142
"SENEGAL";"PC";2005;3000
"SOUTH AFRICA";"PC";2005;419868
"SUDAN";"PC";2005;2000
"TANZANIA";"PC";2005;2000
"TUNISIA";"PC";2005;25000
"UGANDA";"PC";2005;3000
"ZAMBIA";"PC";2005;2300
"ZIMBABWE";"PC";2005;7000
"AUSTRIA";"PC";2006;308594
"BELGIUM";"PC";2006;526141
"DENMARK";"PC";2006;156936
"FINLAND";"PC";2006;145700
"FRANCE";"PC";2006;2045745
"GERMANY";"PC";2006;3467961
"GREECE";"PC";2006;267669
"ICELAND";"PC";2006;17129
"IRELAND";"PC";2006;178484
"ITALY";"PC";2006;2335462
"LUXEMBOURG";"PC";2006;50837
"NETHERLANDS";"PC";2006;483999
"NORWAY";"PC";2006;109164
"PORTUGAL";"PC";2006;194702
"SPAIN";"PC";2006;1634608
"SWEDEN";"PC";2006;282766
"SWITZERLAND";"PC";2006;269421
"UNITED KINGDOM";"PC";2006;2344864
"BULGARIA";"PC";2006;36455
"CROATIA";"PC";2006;78775
"CYPRUS";"PC";2006;18639
"CZECH REPUBLIC";"PC";2006;156686
"ESTONIA";"PC";2006;25363
"HUNGARY";"PC";2006;187676
"LATVIA";"PC";2006;14234
"LITHUANIA";"PC";2006;25582
"MALTA";"PC";2006;6745
"POLAND";"PC";2006;224728
"ROMANIA";"PC";2006;247411
"SLOVAKIA";"PC";2006;59084
"SLOVENIA";"PC";2006;59578
"ALBANIA";"PC";2006;800
"ARMENIA";"PC";2006;12000
"BELARUS";"PC";2006;13000
"BOSNIA";"PC";2006;10000
"GEORGIA";"PC";2006;2000
"MACEDONIA";"PC";2006;10000
"MOLDAVIA";"PC";2006;5000
"RUSSIA";"PC";2006;1911240
"SERBIA";"PC";2006;25610
"TURKEY";"PC";2006;373219
"UKRAINE";"PC";2006;361549
"CANADA";"PC";2006;858826
"MEXICO";"PC";2006;680946
"UNITED STATES OF AMERICA";"PC";2006;7761592
"ARGENTINA";"PC";2006;336296
"BAHAMAS";"PC";2006;2000
"BELIZE";"PC";2006;200
"BOLIVIA";"PC";2006;1500
"BRAZIL";"PC";2006;1632947
"CHILE";"PC";2006;140000
"COLOMBIA";"PC";2006;160000
"COSTA RICA";"PC";2006;15000
"CUBA";"PC";2006;2000
"DOMINICAN REPUBLIC";"PC";2006;7673
"ECUADOR";"PC";2006;58900
"EL SALVADOR";"PC";2006;6000
"GUADELOUPE";"PC";2006;13562
"GUATEMALA";"PC";2006;9400
"GUIANA";"PC";2006;4071
"HONDURAS";"PC";2006;5600
"JAMAICA";"PC";2006;3000
"MARTINIQUE";"PC";2006;14132
"NICARAGUA";"PC";2006;6000
"PANAMA";"PC";2006;15000
"PARAGUAY";"PC";2006;5000
"PERU";"PC";2006;20061
"PUERTO RICO";"PC";2006;85000
"TRINIDAD";"PC";2006;10000
"URUGUAY";"PC";2006;10000
"VENEZUELA";"PC";2006;184108
"AUSTRALIA";"PC";2006;769241
"AZERBAIDJAN";"PC";2006;13000
"BAHRAIN";"PC";2006;18000
"BANGLADESH";"PC";2006;9000
"BRUNEI";"PC";2006;15000
"CAMBODGE";"PC";2006;1000
"CHINA";"PC";2006;5175961
"HONG-KONG";"PC";2006;27877
"INDIA";"PC";2006;1311373
"INDONESIA";"PC";2006;222387
"IRAK";"PC";2006;5000
"IRAN";"PC";2006;850000
"ISRAEL";"PC";2006;130000
"JAPAN";"PC";2006;4612318
"JORDAN";"PC";2006;5000
"KAZAKHSTAN";"PC";2006;39000
"KIRGHIZISTAN";"PC";2006;5000
"KUWAIT";"PC";2006;65000
"LAOS";"PC";2006;1000
"LEBANON";"PC";2006;15000
"MALAYSIA";"PC";2006;374169
"MONGOLIA";"PC";2006;500
"MYANMAR";"PC";2006;1000
"NEPAL";"PC";2006;1000
"NEW CALEDONIA";"PC";2006;7251
"NEW ZEALAND";"PC";2006;76804
"OMAN";"PC";2006;144700
"PAKISTAN";"PC";2006;160256
"PALESTINE";"PC";2006;15700
"PHILIPPINES";"PC";2006;38131
"QATAR";"PC";2006;59900
"SAUDI ARABIA";"PC";2006;399300
"SINGAPORE";"PC";2006;116849
"SOUTH KOREA";"PC";2006;932650
"SRI LANKA";"PC";2006;2800
"SYRIA";"PC";2006;45467
"TADJIKISTAN";"PC";2006;5700
"TAHITI";"PC";2006;5100
"TAIWAN";"PC";2006;218610
"THAILAND";"PC";2006;184544
"TUKMENISTAN";"PC";2006;4200
"UNITED ARAB EMIRATES";"PC";2006;150000
"UZBEKISTAN";"PC";2006;31100
"VIETNAM";"PC";2006;23335
"YEMEN";"PC";2006;4700
"ALGERIA";"PC";2006;81803
"ANGOLA";"PC";2006;8000
"BOTSWANA";"PC";2006;1300
"BURKINA";"PC";2006;500
"BURUNDI";"PC";2006;500
"CAMEROON";"PC";2006;1400
"CONGO KINSHASA";"PC";2006;200
"EGYPT";"PC";2006;132373
"GABON";"PC";2006;1000
"GHANA";"PC";2006;3000
"IVORY COAST";"PC";2006;2500
"KENYA";"PC";2006;3000
"LIBERIA";"PC";2006;200
"LIBYA";"PC";2006;35000
"MADAGASCAR";"PC";2006;1100
"MALAWI";"PC";2006;1100
"MAURITIUS";"PC";2006;3500
"MOROCCO";"PC";2006;75295
"NIGERIA";"PC";2006;22000
"REUNION";"PC";2006;22437
"SENEGAL";"PC";2006;3000
"SOUTH AFRICA";"PC";2006;481558
"SUDAN";"PC";2006;2000
"TANZANIA";"PC";2006;2000
"TUNISIA";"PC";2006;30000
"UGANDA";"PC";2006;3500
"ZAMBIA";"PC";2006;2700
"ZIMBABWE";"PC";2006;6000
"AUSTRIA";"PC";2007;298182
"BELGIUM";"PC";2007;524795
"DENMARK";"PC";2007;162686
"FINLAND";"PC";2007;125608
"FRANCE";"PC";2007;2109672
"GERMANY";"PC";2007;3148163
"GREECE";"PC";2007;279745
"ICELAND";"PC";2007;15942
"IRELAND";"PC";2007;186325
"ITALY";"PC";2007;2494115
"LUXEMBOURG";"PC";2007;51332
"NETHERLANDS";"PC";2007;504300
"NORWAY";"PC";2007;129195
"PORTUGAL";"PC";2007;201816
"SPAIN";"PC";2007;1614835
"SWEDEN";"PC";2007;306794
"SWITZERLAND";"PC";2007;284674
"UNITED KINGDOM";"PC";2007;2404007
"BULGARIA";"PC";2007;43521
"CROATIA";"PC";2007;82664
"CYPRUS";"PC";2007;22878
"CZECH REPUBLIC";"PC";2007;174456
"ESTONIA";"PC";2007;30912
"HUNGARY";"PC";2007;171661
"LATVIA";"PC";2007;21606
"LITHUANIA";"PC";2007;32771
"MALTA";"PC";2007;6240
"POLAND";"PC";2007;277427
"ROMANIA";"PC";2007;312533
"SLOVAKIA";"PC";2007;59700
"SLOVENIA";"PC";2007;68719
"ALBANIA";"PC";2007;1600
"ARMENIA";"PC";2007;6000
"BELARUS";"PC";2007;20000
"BOSNIA";"PC";2007;15000
"GEORGIA";"PC";2007;6000
"MACEDONIA";"PC";2007;10200
"MOLDAVIA";"PC";2007;7000
"RUSSIA";"PC";2007;2514920
"SERBIA";"PC";2007;32772
"TURKEY";"PC";2007;357465
"UKRAINE";"PC";2007;500357
"CANADA";"PC";2007;841585
"MEXICO";"PC";2007;641394
"UNITED STATES OF AMERICA";"PC";2007;7562334
"ARGENTINA";"PC";2007;422230
"BAHAMAS";"PC";2007;2000
"BELIZE";"PC";2007;100
"BOLIVIA";"PC";2007;1500
"BRAZIL";"PC";2007;2085718
"CHILE";"PC";2007;180000
"COLOMBIA";"PC";2007;2e+05
"COSTA RICA";"PC";2007;13000
"CUBA";"PC";2007;3000
"DOMINICAN REPUBLIC";"PC";2007;6972
"ECUADOR";"PC";2007;58334
"EL SALVADOR";"PC";2007;8000
"GUADELOUPE";"PC";2007;15539
"GUATEMALA";"PC";2007;12100
"GUIANA";"PC";2007;4437
"HONDURAS";"PC";2007;7100
"JAMAICA";"PC";2007;3000
"MARTINIQUE";"PC";2007;14666
"NICARAGUA";"PC";2007;6000
"PANAMA";"PC";2007;22000
"PARAGUAY";"PC";2007;6000
"PERU";"PC";2007;28430
"PUERTO RICO";"PC";2007;92000
"TRINIDAD";"PC";2007;5000
"URUGUAY";"PC";2007;12000
"VENEZUELA";"PC";2007;267932
"AUSTRALIA";"PC";2007;835195
"AZERBAIDJAN";"PC";2007;15000
"BAHRAIN";"PC";2007;20000
"BANGLADESH";"PC";2007;12000
"BRUNEI";"PC";2007;10000
"CAMBODGE";"PC";2007;1500
"CHINA";"PC";2007;6297538
"HONG-KONG";"PC";2007;33462
"INDIA";"PC";2007;1511812
"INDONESIA";"PC";2007;314769
"IRAK";"PC";2007;4000
"IRAN";"PC";2007;9e+05
"ISRAEL";"PC";2007;2e+05
"JAPAN";"PC";2007;4325508
"JORDAN";"PC";2007;5000
"KAZAKHSTAN";"PC";2007;39400
"KIRGHIZISTAN";"PC";2007;5000
"KUWAIT";"PC";2007;70000
"LAOS";"PC";2007;1500
"LEBANON";"PC";2007;20000
"MALAYSIA";"PC";2007;442885
"MONGOLIA";"PC";2007;1000
"MYANMAR";"PC";2007;1000
"NEPAL";"PC";2007;2000
"NEW CALEDONIA";"PC";2007;7717
"NEW ZEALAND";"PC";2007;77454
"OMAN";"PC";2007;146300
"PAKISTAN";"PC";2007;159457
"PALESTINE";"PC";2007;16400
"PHILIPPINES";"PC";2007;41107
"QATAR";"PC";2007;60500
"SAUDI ARABIA";"PC";2007;403600
"SINGAPORE";"PC";2007;110814
"SOUTH KOREA";"PC";2007;1010790
"SRI LANKA";"PC";2007;2900
"SYRIA";"PC";2007;36000
"TADJIKISTAN";"PC";2007;5800
"TAHITI";"PC";2007;5400
"TAIWAN";"PC";2007;213327
"THAILAND";"PC";2007;172321
"TUKMENISTAN";"PC";2007;4300
"UNITED ARAB EMIRATES";"PC";2007;135000
"UZBEKISTAN";"PC";2007;31700
"VIETNAM";"PC";2007;40115
"YEMEN";"PC";2007;4800
"ALGERIA";"PC";2007;97239
"ANGOLA";"PC";2007;3500
"BOTSWANA";"PC";2007;1700
"BURKINA";"PC";2007;500
"BURUNDI";"PC";2007;600
"CAMEROON";"PC";2007;1400
"CONGO KINSHASA";"PC";2007;200
"EGYPT";"PC";2007;179149
"GABON";"PC";2007;1200
"GHANA";"PC";2007;3500
"IVORY COAST";"PC";2007;2000
"KENYA";"PC";2007;2000
"LIBERIA";"PC";2007;300
"LIBYA";"PC";2007;36000
"MADAGASCAR";"PC";2007;1100
"MALAWI";"PC";2007;1100
"MAURITIUS";"PC";2007;4000
"MOROCCO";"PC";2007;90941
"NIGERIA";"PC";2007;7000
"REUNION";"PC";2007;24819
"SENEGAL";"PC";2007;3000
"SOUTH AFRICA";"PC";2007;434653
"SUDAN";"PC";2007;2500
"TANZANIA";"PC";2007;2000
"TUNISIA";"PC";2007;30000
"UGANDA";"PC";2007;3000
"ZAMBIA";"PC";2007;2800
"ZIMBABWE";"PC";2007;3000
"AUSTRIA";"PC";2008;293697
"BELGIUM";"PC";2008;535947
"DENMARK";"PC";2008;150199
"FINLAND";"PC";2008;139669
"FRANCE";"PC";2008;2091369
"GERMANY";"PC";2008;3090040
"GREECE";"PC";2008;267295
"ICELAND";"PC";2008;9033
"IRELAND";"PC";2008;151607
"ITALY";"PC";2008;2161359
"LUXEMBOURG";"PC";2008;52359
"NETHERLANDS";"PC";2008;499980
"NORWAY";"PC";2008;110617
"PORTUGAL";"PC";2008;213389
"SPAIN";"PC";2008;1161176
"SWEDEN";"PC";2008;253982
"SWITZERLAND";"PC";2008;288525
"UNITED KINGDOM";"PC";2008;2131795
"BULGARIA";"PC";2008;45143
"CROATIA";"PC";2008;88265
"CYPRUS";"PC";2008;22241
"CZECH REPUBLIC";"PC";2008;182554
"ESTONIA";"PC";2008;24579
"HUNGARY";"PC";2008;153278
"LATVIA";"PC";2008;22217
"LITHUANIA";"PC";2008;19831
"MALTA";"PC";2008;5423
"POLAND";"PC";2008;319190
"ROMANIA";"PC";2008;285506
"SLOVAKIA";"PC";2008;70040
"SLOVENIA";"PC";2008;71575
"ALBANIA";"PC";2008;1600
"ARMENIA";"PC";2008;4000
"BELARUS";"PC";2008;22000
"BOSNIA";"PC";2008;13000
"GEORGIA";"PC";2008;8000
"MACEDONIA";"PC";2008;10500
"MOLDAVIA";"PC";2008;11000
"RUSSIA";"PC";2008;2897459
"SERBIA";"PC";2008;36177
"TURKEY";"PC";2008;305998
"UKRAINE";"PC";2008;599985
"CANADA";"PC";2008;872720
"MEXICO";"PC";2008;589045
"UNITED STATES OF AMERICA";"PC";2008;6769107
"ARGENTINA";"PC";2008;452539
"BAHAMAS";"PC";2008;2000
"BELIZE";"PC";2008;200
"BOLIVIA";"PC";2008;1500
"BRAZIL";"PC";2008;2341300
"CHILE";"PC";2008;181523
"COLOMBIA";"PC";2008;180000
"COSTA RICA";"PC";2008;15000
"CUBA";"PC";2008;3000
"DOMINICAN REPUBLIC";"PC";2008;4708
"ECUADOR";"PC";2008;69556
"EL SALVADOR";"PC";2008;10000
"GUADELOUPE";"PC";2008;14295
"GUATEMALA";"PC";2008;12800
"GUIANA";"PC";2008;4357
"HONDURAS";"PC";2008;8000
"JAMAICA";"PC";2008;3000
"MARTINIQUE";"PC";2008;13679
"NICARAGUA";"PC";2008;6000
"PANAMA";"PC";2008;30000
"PARAGUAY";"PC";2008;12000
"PERU";"PC";2008;55312
"PUERTO RICO";"PC";2008;65000
"TRINIDAD";"PC";2008;10000
"URUGUAY";"PC";2008;15000
"VENEZUELA";"PC";2008;135882
"AUSTRALIA";"PC";2008;791225
"AZERBAIDJAN";"PC";2008;15000
"BAHRAIN";"PC";2008;30000
"BANGLADESH";"PC";2008;17000
"BRUNEI";"PC";2008;15000
"CAMBODGE";"PC";2008;1500
"CHINA";"PC";2008;6755609
"HONG-KONG";"PC";2008;35182
"INDIA";"PC";2008;1545414
"INDONESIA";"PC";2008;425267
"IRAK";"PC";2008;20000
"IRAN";"PC";2008;1e+06
"ISRAEL";"PC";2008;170000
"JAPAN";"PC";2008;4184266
"JORDAN";"PC";2008;9000
"KAZAKHSTAN";"PC";2008;39000
"KIRGHIZISTAN";"PC";2008;4000
"KUWAIT";"PC";2008;80000
"LAOS";"PC";2008;2000
"LEBANON";"PC";2008;33000
"MALAYSIA";"PC";2008;497459
"MONGOLIA";"PC";2008;3000
"MYANMAR";"PC";2008;1200
"NEPAL";"PC";2008;1500
"NEW CALEDONIA";"PC";2008;7853
"NEW ZEALAND";"PC";2008;73397
"OMAN";"PC";2008;145000
"PAKISTAN";"PC";2008;127863
"PALESTINE";"PC";2008;18400
"PHILIPPINES";"PC";2008;44313
"QATAR";"PC";2008;60000
"SAUDI ARABIA";"PC";2008;4e+05
"SINGAPORE";"PC";2008;100979
"SOUTH KOREA";"PC";2008;1017595
"SRI LANKA";"PC";2008;3000
"SYRIA";"PC";2008;42000
"TADJIKISTAN";"PC";2008;6000
"TAHITI";"PC";2008;5000
"TAIWAN";"PC";2008;141161
"THAILAND";"PC";2008;226805
"TUKMENISTAN";"PC";2008;4500
"UNITED ARAB EMIRATES";"PC";2008;191544
"UZBEKISTAN";"PC";2008;43000
"VIETNAM";"PC";2008;50877
"YEMEN";"PC";2008;5000
"ALGERIA";"PC";2008;111753
"ANGOLA";"PC";2008;3500
"BOTSWANA";"PC";2008;2000
"BURKINA";"PC";2008;600
"BURUNDI";"PC";2008;700
"CAMEROON";"PC";2008;1400
"CONGO KINSHASA";"PC";2008;500
"EGYPT";"PC";2008;203729
"GABON";"PC";2008;2500
"GHANA";"PC";2008;3500
"IVORY COAST";"PC";2008;2500
"KENYA";"PC";2008;2000
"LIBERIA";"PC";2008;300
"LIBYA";"PC";2008;37000
"MADAGASCAR";"PC";2008;1000
"MALAWI";"PC";2008;1000
"MAURITIUS";"PC";2008;4000
"MOROCCO";"PC";2008;102095
"NIGERIA";"PC";2008;7000
"REUNION";"PC";2008;23267
"SENEGAL";"PC";2008;3000
"SOUTH AFRICA";"PC";2008;329262
"SUDAN";"PC";2008;3000
"TANZANIA";"PC";2008;2000
"TUNISIA";"PC";2008;33000
"UGANDA";"PC";2008;3000
"ZAMBIA";"PC";2008;2600
"ZIMBABWE";"PC";2008;3000
"AUSTRIA";"PC";2009;319403
"BELGIUM";"PC";2009;476194
"DENMARK";"PC";2009;112454
"FINLAND";"PC";2009;90574
"FRANCE";"PC";2009;2302398
"GERMANY";"PC";2009;3807175
"GREECE";"PC";2009;219730
"ICELAND";"PC";2009;2113
"IRELAND";"PC";2009;57453
"ITALY";"PC";2009;2159465
"LUXEMBOURG";"PC";2009;47265
"NETHERLANDS";"PC";2009;387699
"NORWAY";"PC";2009;98675
"PORTUGAL";"PC";2009;161013
"SPAIN";"PC";2009;952772
"SWEDEN";"PC";2009;213408
"SWITZERLAND";"PC";2009;266018
"UNITED KINGDOM";"PC";2009;1994999
"BULGARIA";"PC";2009;22869
"CROATIA";"PC";2009;44918
"CYPRUS";"PC";2009;14981
"CZECH REPUBLIC";"PC";2009;167708
"ESTONIA";"PC";2009;9946
"HUNGARY";"PC";2009;60189
"LATVIA";"PC";2009;7515
"LITHUANIA";"PC";2009;5367
"MALTA";"PC";2009;5894
"POLAND";"PC";2009;276220
"ROMANIA";"PC";2009;116016
"SLOVAKIA";"PC";2009;74717
"SLOVENIA";"PC";2009;57967
"ALBANIA";"PC";2009;1000
"ARMENIA";"PC";2009;4000
"BELARUS";"PC";2009;12000
"BOSNIA";"PC";2009;12000
"GEORGIA";"PC";2009;1000
"MACEDONIA";"PC";2009;6000
"MOLDAVIA";"PC";2009;4000
"RUSSIA";"PC";2009;1465742
"SERBIA";"PC";2009;30000
"TURKEY";"PC";2009;369819
"UKRAINE";"PC";2009;170085
"CANADA";"PC";2009;729023
"MEXICO";"PC";2009;439120
"UNITED STATES OF AMERICA";"PC";2009;5400890
"ARGENTINA";"PC";2009;373231
"BAHAMAS";"PC";2009;3500
"BELIZE";"PC";2009;150
"BOLIVIA";"PC";2009;1000
"BRAZIL";"PC";2009;2643862
"CHILE";"PC";2009;130753
"COLOMBIA";"PC";2009;170000
"COSTA RICA";"PC";2009;12000
"CUBA";"PC";2009;1500
"DOMINICAN REPUBLIC";"PC";2009;1563
"ECUADOR";"PC";2009;60596
"EL SALVADOR";"PC";2009;2000
"GUADELOUPE";"PC";2009;14084
"GUATEMALA";"PC";2009;13000
"GUIANA";"PC";2009;4446
"HONDURAS";"PC";2009;6000
"JAMAICA";"PC";2009;4000
"MARTINIQUE";"PC";2009;13142
"NICARAGUA";"PC";2009;4000
"PANAMA";"PC";2009;25000
"PARAGUAY";"PC";2009;7000
"PERU";"PC";2009;48775
"PUERTO RICO";"PC";2009;65000
"TRINIDAD";"PC";2009;10000
"URUGUAY";"PC";2009;30000
"VENEZUELA";"PC";2009;67047
"AUSTRALIA";"PC";2009;728715
"AZERBAIDJAN";"PC";2009;10000
"BAHRAIN";"PC";2009;28000
"BANGLADESH";"PC";2009;21500
"BRUNEI";"PC";2009;10000
"CAMBODGE";"PC";2009;1500
"CHINA";"PC";2009;10331315
"HONG-KONG";"PC";2009;28797
"INDIA";"PC";2009;1816878
"INDONESIA";"PC";2009;359367
"IRAK";"PC";2009;35000
"IRAN";"PC";2009;1100000
"ISRAEL";"PC";2009;160000
"JAPAN";"PC";2009;3905310
"JORDAN";"PC";2009;10500
"KAZAKHSTAN";"PC";2009;40000
"KIRGHIZISTAN";"PC";2009;4500
"KUWAIT";"PC";2009;90000
"LAOS";"PC";2009;3000
"LEBANON";"PC";2009;32000
"MALAYSIA";"PC";2009;486342
"MONGOLIA";"PC";2009;3000
"MYANMAR";"PC";2009;1500
"NEPAL";"PC";2009;2000
"NEW CALEDONIA";"PC";2009;7246
"NEW ZEALAND";"PC";2009;54404
"OMAN";"PC";2009;105000
"PAKISTAN";"PC";2009;94437
"PALESTINE";"PC";2009;13400
"PHILIPPINES";"PC";2009;46111
"QATAR";"PC";2009;40000
"SAUDI ARABIA";"PC";2009;390000
"SINGAPORE";"PC";2009;73183
"SOUTH KOREA";"PC";2009;1221118
"SRI LANKA";"PC";2009;3000
"SYRIA";"PC";2009;46000
"TADJIKISTAN";"PC";2009;7000
"TAHITI";"PC";2009;3500
"TAIWAN";"PC";2009;187262
"THAILAND";"PC";2009;230037
"TUKMENISTAN";"PC";2009;4500
"UNITED ARAB EMIRATES";"PC";2009;90238
"UZBEKISTAN";"PC";2009;45000
"VIETNAM";"PC";2009;62722
"YEMEN";"PC";2009;5000
"ALGERIA";"PC";2009;131259
"ANGOLA";"PC";2009;10000
"BOTSWANA";"PC";2009;1900
"BURKINA";"PC";2009;550
"BURUNDI";"PC";2009;700
"CAMEROON";"PC";2009;1400
"CONGO KINSHASA";"PC";2009;1500
"EGYPT";"PC";2009;158926
"GABON";"PC";2009;2000
"GHANA";"PC";2009;4500
"IVORY COAST";"PC";2009;3000
"KENYA";"PC";2009;5000
"LIBERIA";"PC";2009;200
"LIBYA";"PC";2009;37500
"MADAGASCAR";"PC";2009;900
"MALAWI";"PC";2009;1000
"MAURITIUS";"PC";2009;3000
"MOROCCO";"PC";2009;93761
"NIGERIA";"PC";2009;34000
"REUNION";"PC";2009;20935
"SENEGAL";"PC";2009;4000
"SOUTH AFRICA";"PC";2009;258129
"SUDAN";"PC";2009;7000
"TANZANIA";"PC";2009;2000
"TUNISIA";"PC";2009;35000
"UGANDA";"PC";2009;3000
"ZAMBIA";"PC";2009;3000
"ZIMBABWE";"PC";2009;3000
"AUSTRIA";"PC";2010;328563
"BELGIUM";"PC";2010;547340
"DENMARK";"PC";2010;153858
"FINLAND";"PC";2010;111968
"FRANCE";"PC";2010;2251669
"GERMANY";"PC";2010;2916259
"GREECE";"PC";2010;141501
"ICELAND";"PC";2010;3106
"IRELAND";"PC";2010;88446
"ITALY";"PC";2010;1961580
"LUXEMBOURG";"PC";2010;49726
"NETHERLANDS";"PC";2010;482531
"NORWAY";"PC";2010;127754
"PORTUGAL";"PC";2010;223464
"SPAIN";"PC";2010;982015
"SWEDEN";"PC";2010;289684
"SWITZERLAND";"PC";2010;294239
"UNITED KINGDOM";"PC";2010;2030846
"BULGARIA";"PC";2010;16257
"CROATIA";"PC";2010;38587
"CYPRUS";"PC";2010;14088
"CZECH REPUBLIC";"PC";2010;169580
"ESTONIA";"PC";2010;10295
"HUNGARY";"PC";2010;43476
"LATVIA";"PC";2010;7970
"LITHUANIA";"PC";2010;6365
"MALTA";"PC";2010;4056
"POLAND";"PC";2010;315855
"ROMANIA";"PC";2010;94441
"SLOVAKIA";"PC";2010;64033
"SLOVENIA";"PC";2010;61142
"ALBANIA";"PC";2010;1600
"ARMENIA";"PC";2010;4000
"BELARUS";"PC";2010;15000
"BOSNIA";"PC";2010;10000
"GEORGIA";"PC";2010;4000
"MACEDONIA";"PC";2010;8500
"MOLDAVIA";"PC";2010;5000
"RUSSIA";"PC";2010;1912794
"SERBIA";"PC";2010;28951
"TURKEY";"PC";2010;509784
"UKRAINE";"PC";2010;169540
"CANADA";"PC";2010;694349
"MEXICO";"PC";2010;503748
"UNITED STATES OF AMERICA";"PC";2010;5635432
"ARGENTINA";"PC";2010;522591
"BAHAMAS";"PC";2010;2000
"BELIZE";"PC";2010;100
"BOLIVIA";"PC";2010;8000
"BRAZIL";"PC";2010;2856540
"CHILE";"PC";2010;212336
"COLOMBIA";"PC";2010;250000
"COSTA RICA";"PC";2010;20000
"CUBA";"PC";2010;2000
"DOMINICAN REPUBLIC";"PC";2010;2040
"ECUADOR";"PC";2010;90250
"EL SALVADOR";"PC";2010;3000
"GUADELOUPE";"PC";2010;13480
"GUATEMALA";"PC";2010;14100
"GUIANA";"PC";2010;4393
"HONDURAS";"PC";2010;1000
"JAMAICA";"PC";2010;2000
"MARTINIQUE";"PC";2010;13187
"NICARAGUA";"PC";2010;3000
"PANAMA";"PC";2010;30000
"PARAGUAY";"PC";2010;11000
"PERU";"PC";2010;73858
"PUERTO RICO";"PC";2010;45000
"TRINIDAD";"PC";2010;10000
"URUGUAY";"PC";2010;40000
"VENEZUELA";"PC";2010;68210
"AUSTRALIA";"PC";2010;827407
"AZERBAIDJAN";"PC";2010;13000
"BAHRAIN";"PC";2010;29000
"BANGLADESH";"PC";2010;20700
"BRUNEI";"PC";2010;10000
"CAMBODGE";"PC";2010;1500
"CHINA";"PC";2010;13757794
"HONG-KONG";"PC";2010;41638
"INDIA";"PC";2010;2387197
"INDONESIA";"PC";2010;541475
"IRAK";"PC";2010;65000
"IRAN";"PC";2010;1410403
"ISRAEL";"PC";2010;2e+05
"JAPAN";"PC";2010;4203181
"JORDAN";"PC";2010;10000
"KAZAKHSTAN";"PC";2010;24000
"KIRGHIZISTAN";"PC";2010;4000
"KUWAIT";"PC";2010;90000
"LAOS";"PC";2010;4000
"LEBANON";"PC";2010;33000
"MALAYSIA";"PC";2010;543594
"MONGOLIA";"PC";2010;3000
"MYANMAR";"PC";2010;1800
"NEPAL";"PC";2010;1000
"NEW CALEDONIA";"PC";2010;7354
"NEW ZEALAND";"PC";2010;62029
"OMAN";"PC";2010;115000
"PAKISTAN";"PC";2010;130038
"PALESTINE";"PC";2010;17400
"PHILIPPINES";"PC";2010;59623
"QATAR";"PC";2010;40000
"SAUDI ARABIA";"PC";2010;450000
"SINGAPORE";"PC";2010;47273
"SOUTH KOREA";"PC";2010;1237482
"SRI LANKA";"PC";2010;2000
"SYRIA";"PC";2010;78147
"TADJIKISTAN";"PC";2010;6500
"TAHITI";"PC";2010;3500
"TAIWAN";"PC";2010;208300
"THAILAND";"PC";2010;346644
"TUKMENISTAN";"PC";2010;4500
"UNITED ARAB EMIRATES";"PC";2010;136979
"UZBEKISTAN";"PC";2010;43500
"VIETNAM";"PC";2010;57778
"YEMEN";"PC";2010;2000
"ALGERIA";"PC";2010;97765
"ANGOLA";"PC";2010;20000
"BOTSWANA";"PC";2010;2100
"BURKINA";"PC";2010;700
"BURUNDI";"PC";2010;300
"CAMEROON";"PC";2010;1400
"CONGO KINSHASA";"PC";2010;1500
"EGYPT";"PC";2010;192848
"GABON";"PC";2010;2000
"GHANA";"PC";2010;4000
"IVORY COAST";"PC";2010;3500
"KENYA";"PC";2010;4000
"LIBERIA";"PC";2010;300
"LIBYA";"PC";2010;38000
"MADAGASCAR";"PC";2010;900
"MALAWI";"PC";2010;1500
"MAURITIUS";"PC";2010;4000
"MOROCCO";"PC";2010;91119
"NIGERIA";"PC";2010;25000
"REUNION";"PC";2010;20295
"SENEGAL";"PC";2010;4000
"SOUTH AFRICA";"PC";2010;337130
"SUDAN";"PC";2010;2000
"TANZANIA";"PC";2010;2000
"TUNISIA";"PC";2010;45000
"UGANDA";"PC";2010;3000
"ZAMBIA";"PC";2010;2000
"ZIMBABWE";"PC";2010;2000
"AUSTRIA";"PC";2011;356145
"BELGIUM";"PC";2011;572211
"DENMARK";"PC";2011;170036
"FINLAND";"PC";2011;126123
"FRANCE";"PC";2011;2204229
"GERMANY";"PC";2011;3173634
"GREECE";"PC";2011;97680
"ICELAND";"PC";2011;5038
"IRELAND";"PC";2011;89911
"ITALY";"PC";2011;1749740
"LUXEMBOURG";"PC";2011;49881
"NETHERLANDS";"PC";2011;555812
"NORWAY";"PC";2011;138345
"PORTUGAL";"PC";2011;153404
"SPAIN";"PC";2011;808051
"SWEDEN";"PC";2011;304984
"SWITZERLAND";"PC";2011;318958
"UNITED KINGDOM";"PC";2011;1941253
"BULGARIA";"PC";2011;19250
"CROATIA";"PC";2011;41561
"CYPRUS";"PC";2011;13480
"CZECH REPUBLIC";"PC";2011;173595
"ESTONIA";"PC";2011;17070
"HUNGARY";"PC";2011;45094
"LATVIA";"PC";2011;13234
"LITHUANIA";"PC";2011;10980
"MALTA";"PC";2011;5428
"POLAND";"PC";2011;277427
"ROMANIA";"PC";2011;81709
"SLOVAKIA";"PC";2011;68203
"SLOVENIA";"PC";2011;60193
"ALBANIA";"PC";2011;2100
"ARMENIA";"PC";2011;4000
"BELARUS";"PC";2011;15000
"BOSNIA";"PC";2011;10000
"GEORGIA";"PC";2011;3000
"MACEDONIA";"PC";2011;8500
"MOLDAVIA";"PC";2011;5500
"RUSSIA";"PC";2011;2653688
"SERBIA";"PC";2011;22181
"TURKEY";"PC";2011;593519
"UKRAINE";"PC";2011;207453
"CANADA";"PC";2011;681956
"MEXICO";"PC";2011;592101
"UNITED STATES OF AMERICA";"PC";2011;6089403
"ARGENTINA";"PC";2011;673853
"BAHAMAS";"PC";2011;2000
"BELIZE";"PC";2011;100
"BOLIVIA";"PC";2011;9500
"BRAZIL";"PC";2011;2901647
"CHILE";"PC";2011;245116
"COLOMBIA";"PC";2011;250000
"COSTA RICA";"PC";2011;30000
"CUBA";"PC";2011;3000
"DOMINICAN REPUBLIC";"PC";2011;2886
"ECUADOR";"PC";2011;94297
"EL SALVADOR";"PC";2011;3000
"GUADELOUPE";"PC";2011;13695
"GUATEMALA";"PC";2011;15000
"GUIANA";"PC";2011;4719
"HONDURAS";"PC";2011;1000
"JAMAICA";"PC";2011;2000
"MARTINIQUE";"PC";2011;12976
"NICARAGUA";"PC";2011;3000
"PANAMA";"PC";2011;35000
"PARAGUAY";"PC";2011;20000
"PERU";"PC";2011;93055
"PUERTO RICO";"PC";2011;55000
"TRINIDAD";"PC";2011;10000
"URUGUAY";"PC";2011;38308
"VENEZUELA";"PC";2011;65339
"AUSTRALIA";"PC";2011;803450
"AZERBAIDJAN";"PC";2011;10000
"BAHRAIN";"PC";2011;26000
"BANGLADESH";"PC";2011;20800
"BRUNEI";"PC";2011;15000
"CAMBODGE";"PC";2011;2000
"CHINA";"PC";2011;14472416
"HONG-KONG";"PC";2011;44845
"INDIA";"PC";2011;2510313
"INDONESIA";"PC";2011;602291
"IRAK";"PC";2011;71500
"IRAN";"PC";2011;1452965
"ISRAEL";"PC";2011;210000
"JAPAN";"PC";2011;3509036
"JORDAN";"PC";2011;11000
"KAZAKHSTAN";"PC";2011;38348
"KIRGHIZISTAN";"PC";2011;5000
"KUWAIT";"PC";2011;95000
"LAOS";"PC";2011;4000
"LEBANON";"PC";2011;31000
"MALAYSIA";"PC";2011;535113
"MONGOLIA";"PC";2011;3000
"MYANMAR";"PC";2011;1800
"NEPAL";"PC";2011;3000
"NEW CALEDONIA";"PC";2011;7525
"NEW ZEALAND";"PC";2011;63471
"OMAN";"PC";2011;115000
"PAKISTAN";"PC";2011;140184
"PALESTINE";"PC";2011;19700
"PHILIPPINES";"PC";2011;57768
"QATAR";"PC";2011;45000
"SAUDI ARABIA";"PC";2011;460000
"SINGAPORE";"PC";2011;33493
"SOUTH KOREA";"PC";2011;1293501
"SRI LANKA";"PC";2011;7000
"SYRIA";"PC";2011;33160
"TADJIKISTAN";"PC";2011;7500
"TAHITI";"PC";2011;4000
"TAIWAN";"PC";2011;235205
"THAILAND";"PC";2011;360441
"TUKMENISTAN";"PC";2011;5000
"UNITED ARAB EMIRATES";"PC";2011;193268
"UZBEKISTAN";"PC";2011;48000
"VIETNAM";"PC";2011;64564
"YEMEN";"PC";2011;2000
"ALGERIA";"PC";2011;165415
"ANGOLA";"PC";2011;10000
"BOTSWANA";"PC";2011;2500
"BURKINA";"PC";2011;500
"BURUNDI";"PC";2011;200
"CAMEROON";"PC";2011;1400
"CONGO KINSHASA";"PC";2011;1500
"EGYPT";"PC";2011;210300
"GABON";"PC";2011;2000
"GHANA";"PC";2011;6000
"IVORY COAST";"PC";2011;3500
"KENYA";"PC";2011;4000
"LIBERIA";"PC";2011;200
"LIBYA";"PC";2011;39000
"MADAGASCAR";"PC";2011;1100
"MALAWI";"PC";2011;1500
"MAURITIUS";"PC";2011;3000
"MOROCCO";"PC";2011;99727
"NIGERIA";"PC";2011;30000
"REUNION";"PC";2011;21111
"SENEGAL";"PC";2011;3500
"SOUTH AFRICA";"PC";2011;396292
"SUDAN";"PC";2011;2000
"TANZANIA";"PC";2011;3000
"TUNISIA";"PC";2011;35000
"UGANDA";"PC";2011;3000
"ZAMBIA";"PC";2011;2000
"ZIMBABWE";"PC";2011;3000
"AUSTRIA";"PC";2012;336010
"BELGIUM";"PC";2012;486737
"DENMARK";"PC";2012;170763
"FINLAND";"PC";2012;111251
"FRANCE";"PC";2012;1898760
"GERMANY";"PC";2012;3082504
"GREECE";"PC";2012;58482
"ICELAND";"PC";2012;7902
"IRELAND";"PC";2012;79498
"ITALY";"PC";2012;1403010
"LUXEMBOURG";"PC";2012;50398
"NETHERLANDS";"PC";2012;502454
"NORWAY";"PC";2012;137967
"PORTUGAL";"PC";2012;95309
"SPAIN";"PC";2012;699589
"SWEDEN";"PC";2012;279899
"SWITZERLAND";"PC";2012;328139
"UNITED KINGDOM";"PC";2012;2044609
"BULGARIA";"PC";2012;19419
"CROATIA";"PC";2012;31360
"CYPRUS";"PC";2012;10123
"CZECH REPUBLIC";"PC";2012;174009
"ESTONIA";"PC";2012;19424
"HUNGARY";"PC";2012;53059
"LATVIA";"PC";2012;10665
"LITHUANIA";"PC";2012;12165
"MALTA";"PC";2012;5884
"POLAND";"PC";2012;272719
"ROMANIA";"PC";2012;66436
"SLOVAKIA";"PC";2012;69268
"SLOVENIA";"PC";2012;50091
"ALBANIA";"PC";2012;2300
"ARMENIA";"PC";2012;5000
"BELARUS";"PC";2012;20000
"BOSNIA";"PC";2012;10000
"GEORGIA";"PC";2012;4000
"MACEDONIA";"PC";2012;5000
"MOLDAVIA";"PC";2012;5000
"RUSSIA";"PC";2012;2755384
"SERBIA";"PC";2012;22800
"TURKEY";"PC";2012;556280
"UKRAINE";"PC";2012;237602
"CANADA";"PC";2012;748530
"MEXICO";"PC";2012;649333
"UNITED STATES OF AMERICA";"PC";2012;7241900
"ARGENTINA";"PC";2012;596397
"BAHAMAS";"PC";2012;2500
"BELIZE";"PC";2012;200
"BOLIVIA";"PC";2012;14000
"BRAZIL";"PC";2012;3115223
"CHILE";"PC";2012;257013
"COLOMBIA";"PC";2012;240000
"COSTA RICA";"PC";2012;30000
"CUBA";"PC";2012;4000
"DOMINICAN REPUBLIC";"PC";2012;3494
"ECUADOR";"PC";2012;80644
"EL SALVADOR";"PC";2012;5000
"GUADELOUPE";"PC";2012;13158
"GUATEMALA";"PC";2012;16000
"GUIANA";"PC";2012;4357
"HONDURAS";"PC";2012;1000
"JAMAICA";"PC";2012;2000
"MARTINIQUE";"PC";2012;11527
"NICARAGUA";"PC";2012;3000
"PANAMA";"PC";2012;40000
"PARAGUAY";"PC";2012;20000
"PERU";"PC";2012;128295
"PUERTO RICO";"PC";2012;55000
"TRINIDAD";"PC";2012;8000
"URUGUAY";"PC";2012;38109
"VENEZUELA";"PC";2012;60776
"AUSTRALIA";"PC";2012;882680
"AZERBAIDJAN";"PC";2012;14000
"BAHRAIN";"PC";2012;40000
"BANGLADESH";"PC";2012;24600
"BRUNEI";"PC";2012;15000
"CAMBODGE";"PC";2012;2000
"CHINA";"PC";2012;15495240
"HONG-KONG";"PC";2012;45283
"INDIA";"PC";2012;2781919
"INDONESIA";"PC";2012;780785
"IRAK";"PC";2012;80000
"IRAN";"PC";2012;901268
"ISRAEL";"PC";2012;190000
"JAPAN";"PC";2012;4572333
"JORDAN";"PC";2012;11500
"KAZAKHSTAN";"PC";2012;86959
"KIRGHIZISTAN";"PC";2012;4000
"KUWAIT";"PC";2012;116500
"LAOS";"PC";2012;5000
"LEBANON";"PC";2012;35500
"MALAYSIA";"PC";2012;552189
"MONGOLIA";"PC";2012;2000
"MYANMAR";"PC";2012;2100
"NEPAL";"PC";2012;3600
"NEW CALEDONIA";"PC";2012;7250
"NEW ZEALAND";"PC";2012;76871
"OMAN";"PC";2012;130000
"PAKISTAN";"PC";2012;136026
"PALESTINE";"PC";2012;21600
"PHILIPPINES";"PC";2012;64165
"QATAR";"PC";2012;60000
"SAUDI ARABIA";"PC";2012;540000
"SINGAPORE";"PC";2012;32724
"SOUTH KOREA";"PC";2012;1256403
"SRI LANKA";"PC";2012;8000
"SYRIA";"PC";2012;36300
"TADJIKISTAN";"PC";2012;6000
"TAHITI";"PC";2012;3000
"TAIWAN";"PC";2012;211578
"THAILAND";"PC";2012;660214
"TUKMENISTAN";"PC";2012;4500
"UNITED ARAB EMIRATES";"PC";2012;211500
"UZBEKISTAN";"PC";2012;45000
"VIETNAM";"PC";2012;44070
"YEMEN";"PC";2012;2000
"ALGERIA";"PC";2012;188990
"ANGOLA";"PC";2012;17000
"BOTSWANA";"PC";2012;3200
"BURKINA";"PC";2012;500
"BURUNDI";"PC";2012;210
"CAMEROON";"PC";2012;1900
"CONGO KINSHASA";"PC";2012;1500
"EGYPT";"PC";2012;222700
"GABON";"PC";2012;3500
"GHANA";"PC";2012;6500
"IVORY COAST";"PC";2012;5000
"KENYA";"PC";2012;2000
"LIBERIA";"PC";2012;210
"LIBYA";"PC";2012;20000
"MADAGASCAR";"PC";2012;1200
"MALAWI";"PC";2012;1000
"MAURITIUS";"PC";2012;7000
"MOROCCO";"PC";2012;117818
"NIGERIA";"PC";2012;40000
"REUNION";"PC";2012;19795
"SENEGAL";"PC";2012;4000
"SOUTH AFRICA";"PC";2012;440002
"SUDAN";"PC";2012;2000
"TANZANIA";"PC";2012;3000
"TUNISIA";"PC";2012;37000
"UGANDA";"PC";2012;3000
"ZAMBIA";"PC";2012;2000
"ZIMBABWE";"PC";2012;3000
"AUSTRIA";"PC";2013;319035
"BELGIUM";"PC";2013;486065
"DENMARK";"PC";2013;182086
"FINLAND";"PC";2013;103455
"FRANCE";"PC";2013;1790456
"GERMANY";"PC";2013;2952431
"GREECE";"PC";2013;58694
"ICELAND";"PC";2013;7274
"IRELAND";"PC";2013;74367
"ITALY";"PC";2013;1304648
"LUXEMBOURG";"PC";2013;46624
"NETHERLANDS";"PC";2013;417036
"NORWAY";"PC";2013;142151
"PORTUGAL";"PC";2013;105921
"SPAIN";"PC";2013;722689
"SWEDEN";"PC";2013;269599
"SWITZERLAND";"PC";2013;307885
"UNITED KINGDOM";"PC";2013;2264737
"BULGARIA";"PC";2013;19352
"CROATIA";"PC";2013;27802
"CYPRUS";"PC";2013;7102
"CZECH REPUBLIC";"PC";2013;164736
"ESTONIA";"PC";2013;19694
"HUNGARY";"PC";2013;56139
"LATVIA";"PC";2013;10636
"LITHUANIA";"PC";2013;12163
"MALTA";"PC";2013;5749
"POLAND";"PC";2013;289913
"ROMANIA";"PC";2013;57710
"SLOVAKIA";"PC";2013;65998
"SLOVENIA";"PC";2013;52268
"ALBANIA";"PC";2013;2300
"ARMENIA";"PC";2013;5000
"BELARUS";"PC";2013;19600
"BOSNIA";"PC";2013;9800
"GEORGIA";"PC";2013;4000
"MACEDONIA";"PC";2013;2000
"MOLDAVIA";"PC";2013;5000
"RUSSIA";"PC";2013;2649181
"SERBIA";"PC";2013;23000
"TURKEY";"PC";2013;664655
"UKRAINE";"PC";2013;213322
"CANADA";"PC";2013;755615
"MEXICO";"PC";2013;698217
"UNITED STATES OF AMERICA";"PC";2013;7585341
"ARGENTINA";"PC";2013;684379
"BAHAMAS";"PC";2013;2000
"BELIZE";"PC";2013;200
"BOLIVIA";"PC";2013;13900
"BRAZIL";"PC";2013;3040783
"CHILE";"PC";2013;286588
"COLOMBIA";"PC";2013;238800
"COSTA RICA";"PC";2013;29800
"CUBA";"PC";2013;4000
"DOMINICAN REPUBLIC";"PC";2013;2839
"ECUADOR";"PC";2013;74169
"EL SALVADOR";"PC";2013;5000
"GUADELOUPE";"PC";2013;12427
"GUATEMALA";"PC";2013;15900
"GUIANA";"PC";2013;4256
"HONDURAS";"PC";2013;1000
"JAMAICA";"PC";2013;2000
"MARTINIQUE";"PC";2013;11091
"NICARAGUA";"PC";2013;4000
"PANAMA";"PC";2013;39800
"PARAGUAY";"PC";2013;19900
"PERU";"PC";2013;139453
"PUERTO RICO";"PC";2013;54700
"TRINIDAD";"PC";2013;8000
"URUGUAY";"PC";2013;41785
"VENEZUELA";"PC";2013;43887
"AUSTRALIA";"PC";2013;899965
"AZERBAIDJAN";"PC";2013;21000
"BAHRAIN";"PC";2013;43500
"BANGLADESH";"PC";2013;24000
"BRUNEI";"PC";2013;14700
"CAMBODGE";"PC";2013;2000
"CHINA";"PC";2013;17927730
"HONG-KONG";"PC";2013;46147
"INDIA";"PC";2013;2553979
"INDONESIA";"PC";2013;880032
"IRAK";"PC";2013;78200
"IRAN";"PC";2013;691709
"ISRAEL";"PC";2013;2e+05
"JAPAN";"PC";2013;4562282
"JORDAN";"PC";2013;14500
"KAZAKHSTAN";"PC";2013;153664
"KIRGHIZISTAN";"PC";2013;4000
"KUWAIT";"PC";2013;125000
"LAOS";"PC";2013;6000
"LEBANON";"PC";2013;35500
"MALAYSIA";"PC";2013;576657
"MONGOLIA";"PC";2013;1500
"MYANMAR";"PC";2013;2000
"NEPAL";"PC";2013;3500
"NEW CALEDONIA";"PC";2013;6272
"NEW ZEALAND";"PC";2013;82433
"OMAN";"PC";2013;140000
"PAKISTAN";"PC";2013;121122
"PALESTINE";"PC";2013;21100
"PHILIPPINES";"PC";2013;76822
"QATAR";"PC";2013;65000
"SAUDI ARABIA";"PC";2013;570000
"SINGAPORE";"PC";2013;27955
"SOUTH KOREA";"PC";2013;1243868
"SRI LANKA";"PC";2013;10000
"SYRIA";"PC";2013;35500
"TADJIKISTAN";"PC";2013;6000
"TAHITI";"PC";2013;2500
"TAIWAN";"PC";2013;211824
"THAILAND";"PC";2013;663746
"TUKMENISTAN";"PC";2013;4500
"UNITED ARAB EMIRATES";"PC";2013;206700
"UZBEKISTAN";"PC";2013;45500
"VIETNAM";"PC";2013;59857
"YEMEN";"PC";2013;2000
"ALGERIA";"PC";2013;222710
"ANGOLA";"PC";2013;20000
"BOTSWANA";"PC";2013;3100
"BURKINA";"PC";2013;700
"BURUNDI";"PC";2013;210
"CAMEROON";"PC";2013;2400
"CONGO KINSHASA";"PC";2013;1500
"EGYPT";"PC";2013;220000
"GABON";"PC";2013;3000
"GHANA";"PC";2013;6600
"IVORY COAST";"PC";2013;4000
"KENYA";"PC";2013;2500
"LIBERIA";"PC";2013;210
"LIBYA";"PC";2013;30000
"MADAGASCAR";"PC";2013;1200
"MALAWI";"PC";2013;1000
"MAURITIUS";"PC";2013;7500
"MOROCCO";"PC";2013;108177
"NIGERIA";"PC";2013;40000
"REUNION";"PC";2013;19465
"SENEGAL";"PC";2013;4000
"SOUTH AFRICA";"PC";2013;450561
"SUDAN";"PC";2013;1500
"TANZANIA";"PC";2013;3500
"TUNISIA";"PC";2013;35000
"UGANDA";"PC";2013;3000
"ZAMBIA";"PC";2013;2000
"ZIMBABWE";"PC";2013;3000
"AUSTRIA";"PC";2014;303318
"BELGIUM";"PC";2014;482939
"DENMARK";"PC";2014;189055
"FINLAND";"PC";2014;106237
"FRANCE";"PC";2014;1795885
"GERMANY";"PC";2014;3036773
"GREECE";"PC";2014;71218
"ICELAND";"PC";2014;9537
"IRELAND";"PC";2014;96284
"ITALY";"PC";2014;1360578
"LUXEMBOURG";"PC";2014;49793
"NETHERLANDS";"PC";2014;387553
"NORWAY";"PC";2014;144202
"PORTUGAL";"PC";2014;142826
"SPAIN";"PC";2014;890125
"SWEDEN";"PC";2014;303948
"SWITZERLAND";"PC";2014;301942
"UNITED KINGDOM";"PC";2014;2476435
"BULGARIA";"PC";2014;20359
"CROATIA";"PC";2014;33962
"CYPRUS";"PC";2014;8276
"CZECH REPUBLIC";"PC";2014;192314
"ESTONIA";"PC";2014;20969
"HUNGARY";"PC";2014;67476
"LATVIA";"PC";2014;12452
"LITHUANIA";"PC";2014;14503
"MALTA";"PC";2014;6451
"POLAND";"PC";2014;327709
"ROMANIA";"PC";2014;82809
"SLOVAKIA";"PC";2014;72237
"SLOVENIA";"PC";2014;53296
"ALBANIA";"PC";2014;2500
"ARMENIA";"PC";2014;5200
"BELARUS";"PC";2014;22300
"BOSNIA";"PC";2014;8900
"GEORGIA";"PC";2014;4300
"MACEDONIA";"PC";2014;2700
"MOLDAVIA";"PC";2014;5600
"RUSSIA";"PC";2014;2333067
"SERBIA";"PC";2014;23900
"TURKEY";"PC";2014;587331
"UKRAINE";"PC";2014;97020
"CANADA";"PC";2014;760449
"MEXICO";"PC";2014;745250
"UNITED STATES OF AMERICA";"PC";2014;7689110
"ARGENTINA";"PC";2014;432696
"BAHAMAS";"PC";2014;1600
"BELIZE";"PC";2014;200
"BOLIVIA";"PC";2014;18500
"BRAZIL";"PC";2014;2794687
"CHILE";"PC";2014;256160
"COLOMBIA";"PC";2014;265100
"COSTA RICA";"PC";2014;35200
"CUBA";"PC";2014;4000
"DOMINICAN REPUBLIC";"PC";2014;3594
"ECUADOR";"PC";2014;78485
"EL SALVADOR";"PC";2014;5000
"GUADELOUPE";"PC";2014;12599
"GUATEMALA";"PC";2014;17300
"GUIANA";"PC";2014;4248
"HONDURAS";"PC";2014;1300
"JAMAICA";"PC";2014;2300
"MARTINIQUE";"PC";2014;11325
"NICARAGUA";"PC";2014;5200
"PANAMA";"PC";2014;43000
"PARAGUAY";"PC";2014;21500
"PERU";"PC";2014;140363
"PUERTO RICO";"PC";2014;58500
"TRINIDAD";"PC";2014;6300
"URUGUAY";"PC";2014;40171
"VENEZUELA";"PC";2014;10430
"AUSTRALIA";"PC";2014;883949
"AZERBAIDJAN";"PC";2014;23300
"BAHRAIN";"PC";2014;49600
"BANGLADESH";"PC";2014;29300
"BRUNEI";"PC";2014;18100
"CAMBODGE";"PC";2014;2400
"CHINA";"PC";2014;19707677
"HONG-KONG";"PC";2014;48500
"INDIA";"PC";2014;2570736
"INDONESIA";"PC";2014;863268
"IRAK";"PC";2014;61000
"IRAN";"PC";2014;1106700
"ISRAEL";"PC";2014;228000
"JAPAN";"PC";2014;4699591
"JORDAN";"PC";2014;15700
"KAZAKHSTAN";"PC";2014;151424
"KIRGHIZISTAN";"PC";2014;4000
"KUWAIT";"PC";2014;126300
"LAOS";"PC";2014;9800
"LEBANON";"PC";2014;38300
"MALAYSIA";"PC";2014;588348
"MONGOLIA";"PC";2014;1100
"MYANMAR";"PC";2014;1000
"NEPAL";"PC";2014;5300
"NEW CALEDONIA";"PC";2014;6469
"NEW ZEALAND";"PC";2014;90131
"OMAN";"PC";2014;138600
"PAKISTAN";"PC";2014;123950
"PALESTINE";"PC";2014;21100
"PHILIPPINES";"PC";2014;90287
"QATAR";"PC";2014;71500
"SAUDI ARABIA";"PC";2014;632700
"SINGAPORE";"PC";2014;32807
"SOUTH KOREA";"PC";2014;1359834
"SRI LANKA";"PC";2014;13800
"SYRIA";"PC";2014;33400
"TADJIKISTAN";"PC";2014;6100
"TAHITI";"PC";2014;2500
"TAIWAN";"PC";2014;235480
"THAILAND";"PC";2014;411402
"TUKMENISTAN";"PC";2014;4600
"UNITED ARAB EMIRATES";"PC";2014;206700
"UZBEKISTAN";"PC";2014;46000
"VIETNAM";"PC";2014;79813
"YEMEN";"PC";2014;2500
"ALGERIA";"PC";2014;217600
"ANGOLA";"PC";2014;24000
"BOTSWANA";"PC";2014;2900
"BURKINA";"PC";2014;700
"BURUNDI";"PC";2014;200
"CAMEROON";"PC";2014;2300
"CONGO KINSHASA";"PC";2014;1500
"EGYPT";"PC";2014;273500
"GABON";"PC";2014;2900
"GHANA";"PC";2014;6900
"IVORY COAST";"PC";2014;4300
"KENYA";"PC";2014;3000
"LIBERIA";"PC";2014;200
"LIBYA";"PC";2014;30000
"MADAGASCAR";"PC";2014;1600
"MALAWI";"PC";2014;1100
"MAURITIUS";"PC";2014;8600
"MOROCCO";"PC";2014;109649
"NIGERIA";"PC";2014;42000
"REUNION";"PC";2014;20605
"SENEGAL";"PC";2014;4500
"SOUTH AFRICA";"PC";2014;439264
"SUDAN";"PC";2014;1800
"TANZANIA";"PC";2014;1000
"TUNISIA";"PC";2014;37100
"UGANDA";"PC";2014;3000
"ZAMBIA";"PC";2014;2000
"ZIMBABWE";"PC";2014;4100
"AUSTRIA";"PC";2015;308555
"BELGIUM";"PC";2015;501066
"DENMARK";"PC";2015;207717
"FINLAND";"PC";2015;108819
"FRANCE";"PC";2015;1917226
"GERMANY";"PC";2015;3206042
"GREECE";"PC";2015;75805
"ICELAND";"PC";2015;14004
"IRELAND";"PC";2015;124804
"ITALY";"PC";2015;1575737
"LUXEMBOURG";"PC";2015;46473
"NETHERLANDS";"PC";2015;449350
"NORWAY";"PC";2015;150686
"PORTUGAL";"PC";2015;178503
"SPAIN";"PC";2015;1094077
"SWEDEN";"PC";2015;345108
"SWITZERLAND";"PC";2015;323783
"UNITED KINGDOM";"PC";2015;2633503
"BULGARIA";"PC";2015;23500
"CROATIA";"PC";2015;35715
"CYPRUS";"PC";2015;10344
"CZECH REPUBLIC";"PC";2015;230857
"ESTONIA";"PC";2015;20347
"HUNGARY";"PC";2015;77171
"LATVIA";"PC";2015;13765
"LITHUANIA";"PC";2015;17085
"MALTA";"PC";2015;7121
"POLAND";"PC";2015;354975
"ROMANIA";"PC";2015;98325
"SLOVAKIA";"PC";2015;77968
"SLOVENIA";"PC";2015;59450
"ALBANIA";"PC";2015;2500
"ARMENIA";"PC";2015;2300
"BELARUS";"PC";2015;22400
"BOSNIA";"PC";2015;8700
"GEORGIA";"PC";2015;3300
"MACEDONIA";"PC";2015;3200
"MOLDAVIA";"PC";2015;3700
"RUSSIA";"PC";2015;1282740
"SERBIA";"PC";2015;21700
"TURKEY";"PC";2015;725596
"UKRAINE";"PC";2015;46546
"CANADA";"PC";2015;712322
"MEXICO";"PC";2015;892194
"UNITED STATES OF AMERICA";"PC";2015;7516826
"ARGENTINA";"PC";2015;480952
"BAHAMAS";"PC";2015;2800
"BELIZE";"PC";2015;400
"BOLIVIA";"PC";2015;12800
"BRAZIL";"PC";2015;2123009
"CHILE";"PC";2015;212023
"COLOMBIA";"PC";2015;236800
"COSTA RICA";"PC";2015;41800
"CUBA";"PC";2015;4000
"DOMINICAN REPUBLIC";"PC";2015;5061
"ECUADOR";"PC";2015;52101
"EL SALVADOR";"PC";2015;5400
"GUADELOUPE";"PC";2015;13409
"GUATEMALA";"PC";2015;18100
"GUIANA";"PC";2015;4414
"HONDURAS";"PC";2015;900
"JAMAICA";"PC";2015;2300
"MARTINIQUE";"PC";2015;12931
"NICARAGUA";"PC";2015;4800
"PANAMA";"PC";2015;46700
"PARAGUAY";"PC";2015;18700
"PERU";"PC";2015;137039
"PUERTO RICO";"PC";2015;49000
"TRINIDAD";"PC";2015;10500
"URUGUAY";"PC";2015;39472
"VENEZUELA";"PC";2015;7700
"AUSTRALIA";"PC";2015;924154
"AZERBAIDJAN";"PC";2015;9100
"BAHRAIN";"PC";2015;47700
"BANGLADESH";"PC";2015;28500
"BRUNEI";"PC";2015;13900
"CAMBODGE";"PC";2015;1000
"CHINA";"PC";2015;21210339
"HONG-KONG";"PC";2015;45100
"INDIA";"PC";2015;2772270
"INDONESIA";"PC";2015;755566
"IRAK";"PC";2015;33500
"IRAN";"PC";2015;1055400
"ISRAEL";"PC";2015;247300
"JAPAN";"PC";2015;4215889
"JORDAN";"PC";2015;14700
"KAZAKHSTAN";"PC";2015;81500
"KIRGHIZISTAN";"PC";2015;4000
"KUWAIT";"PC";2015;124200
"LAOS";"PC";2015;5600
"LEBANON";"PC";2015;38700
"MALAYSIA";"PC";2015;591275
"MONGOLIA";"PC";2015;700
"MYANMAR";"PC";2015;1000
"NEPAL";"PC";2015;4000
"NEW CALEDONIA";"PC";2015;6068
"NEW ZEALAND";"PC";2015;94964
"OMAN";"PC";2015;121100
"PAKISTAN";"PC";2015;182231
"PALESTINE";"PC";2015;21100
"PHILIPPINES";"PC";2015;116381
"QATAR";"PC";2015;69200
"SAUDI ARABIA";"PC";2015;672300
"SINGAPORE";"PC";2015;61512
"SOUTH KOREA";"PC";2015;1533670
"SRI LANKA";"PC";2015;12500
"SYRIA";"PC";2015;33400
"TADJIKISTAN";"PC";2015;6100
"TAHITI";"PC";2015;2300
"TAIWAN";"PC";2015;212236
"THAILAND";"PC";2015;356063
"TUKMENISTAN";"PC";2015;4600
"UNITED ARAB EMIRATES";"PC";2015;214000
"UZBEKISTAN";"PC";2015;46000
"VIETNAM";"PC";2015;117288
"YEMEN";"PC";2015;2300
"ALGERIA";"PC";2015;163700
"ANGOLA";"PC";2015;14700
"BOTSWANA";"PC";2015;3400
"BURKINA";"PC";2015;1100
"BURUNDI";"PC";2015;200
"CAMEROON";"PC";2015;1700
"CONGO KINSHASA";"PC";2015;2000
"EGYPT";"PC";2015;258400
"GABON";"PC";2015;1700
"GHANA";"PC";2015;3600
"IVORY COAST";"PC";2015;4500
"KENYA";"PC";2015;2900
"LIBERIA";"PC";2015;200
"LIBYA";"PC";2015;38500
"MADAGASCAR";"PC";2015;1200
"MALAWI";"PC";2015;1200
"MAURITIUS";"PC";2015;8000
"MOROCCO";"PC";2015;120875
"NIGERIA";"PC";2015;15600
"REUNION";"PC";2015;22288
"SENEGAL";"PC";2015;3700
"SOUTH AFRICA";"PC";2015;412670
"SUDAN";"PC";2015;2200
"TANZANIA";"PC";2015;2600
"TUNISIA";"PC";2015;36100
"UGANDA";"PC";2015;2200
"ZAMBIA";"PC";2015;1700
"ZIMBABWE";"PC";2015;1500
"AUSTRIA";"PC";2016;329604
"BELGIUM";"PC";2016;539519
"DENMARK";"PC";2016;222924
"FINLAND";"PC";2016;118991
"FRANCE";"PC";2016;2015177
"GERMANY";"PC";2016;3351607
"GREECE";"PC";2016;78873
"ICELAND";"PC";2016;18442
"IRELAND";"PC";2016;146600
"ITALY";"PC";2016;1824968
"LUXEMBOURG";"PC";2016;50561
"NETHERLANDS";"PC";2016;382825
"NORWAY";"PC";2016;154603
"PORTUGAL";"PC";2016;207345
"SPAIN";"PC";2016;1147007
"SWEDEN";"PC";2016;372318
"SWITZERLAND";"PC";2016;317318
"UNITED KINGDOM";"PC";2016;2692786
"BULGARIA";"PC";2016;26370
"CROATIA";"PC";2016;44106
"CYPRUS";"PC";2016;12643
"CZECH REPUBLIC";"PC";2016;259693
"ESTONIA";"PC";2016;22429
"HUNGARY";"PC";2016;96552
"LATVIA";"PC";2016;16359
"LITHUANIA";"PC";2016;20320
"MALTA";"PC";2016;7333
"POLAND";"PC";2016;416123
"ROMANIA";"PC";2016;115004
"SLOVAKIA";"PC";2016;88165
"SLOVENIA";"PC";2016;63674
"ALBANIA";"PC";2016;2500
"ARMENIA";"PC";2016;2500
"BELARUS";"PC";2016;20200
"BOSNIA";"PC";2016;9400
"GEORGIA";"PC";2016;3400
"MACEDONIA";"PC";2016;3800
"MOLDAVIA";"PC";2016;4300
"RUSSIA";"PC";2016;1239680
"SERBIA";"PC";2016;23300
"TURKEY";"PC";2016;756938
"UKRAINE";"PC";2016;65562
"CANADA";"PC";2016;661088
"MEXICO";"PC";2016;1065912
"UNITED STATES OF AMERICA";"PC";2016;6872729
"ARGENTINA";"PC";2016;525757
"BAHAMAS";"PC";2016;2700
"BELIZE";"PC";2016;400
"BOLIVIA";"PC";2016;16900
"BRAZIL";"PC";2016;1676722
"CHILE";"PC";2016;228909
"COLOMBIA";"PC";2016;215700
"COSTA RICA";"PC";2016;48300
"CUBA";"PC";2016;5900
"DOMINICAN REPUBLIC";"PC";2016;4204
"ECUADOR";"PC";2016;44816
"EL SALVADOR";"PC";2016;4600
"GUADELOUPE";"PC";2016;14160
"GUATEMALA";"PC";2016;16600
"GUIANA";"PC";2016;4671
"HONDURAS";"PC";2016;800
"JAMAICA";"PC";2016;2000
"MARTINIQUE";"PC";2016;14197
"NICARAGUA";"PC";2016;5400
"PANAMA";"PC";2016;46200
"PARAGUAY";"PC";2016;16000
"PERU";"PC";2016;133671
"PUERTO RICO";"PC";2016;66500
"TRINIDAD";"PC";2016;13900
"URUGUAY";"PC";2016;35924
"VENEZUELA";"PC";2016;1500
"AUSTRALIA";"PC";2016;927274
"AZERBAIDJAN";"PC";2016;3400
"BAHRAIN";"PC";2016;39200
"BANGLADESH";"PC";2016;15400
"BRUNEI";"PC";2016;13400
"CAMBODGE";"PC";2016;800
"CHINA";"PC";2016;24376902
"HONG-KONG";"PC";2016;41600
"INDIA";"PC";2016;2966637
"INDONESIA";"PC";2016;834919
"IRAK";"PC";2016;16000
"IRAN";"PC";2016;1320300
"ISRAEL";"PC";2016;276900
"JAPAN";"PC";2016;4146459
"JORDAN";"PC";2016;12400
"KAZAKHSTAN";"PC";2016;39361
"KIRGHIZISTAN";"PC";2016;1800
"KUWAIT";"PC";2016;95400
"LAOS";"PC";2016;4200
"LEBANON";"PC";2016;35600
"MALAYSIA";"PC";2016;514545
"MONGOLIA";"PC";2016;1300
"MYANMAR";"PC";2016;1300
"NEPAL";"PC";2016;6400
"NEW CALEDONIA";"PC";2016;5662
"NEW ZEALAND";"PC";2016;102514
"OMAN";"PC";2016;115700
"PAKISTAN";"PC";2016;177222
"PALESTINE";"PC";2016;21100
"PHILIPPINES";"PC";2016;133188
"QATAR";"PC";2016;50200
"SAUDI ARABIA";"PC";2016;549400
"SINGAPORE";"PC";2016;91096
"SOUTH KOREA";"PC";2016;1533813
"SRI LANKA";"PC";2016;26300
"SYRIA";"PC";2016;33400
"TADJIKISTAN";"PC";2016;1900
"TAHITI";"PC";2016;2700
"TAIWAN";"PC";2016;206092
"THAILAND";"PC";2016;328053
"TUKMENISTAN";"PC";2016;4500
"UNITED ARAB EMIRATES";"PC";2016;166400
"UZBEKISTAN";"PC";2016;43900
"VIETNAM";"PC";2016;159501
"YEMEN";"PC";2016;1100
"ALGERIA";"PC";2016;85300
"ANGOLA";"PC";2016;5600
"BOTSWANA";"PC";2016;3500
"BURKINA";"PC";2016;1800
"BURUNDI";"PC";2016;500
"CAMEROON";"PC";2016;1900
"CONGO KINSHASA";"PC";2016;1700
"EGYPT";"PC";2016;214800
"GABON";"PC";2016;1700
"GHANA";"PC";2016;4200
"IVORY COAST";"PC";2016;4300
"KENYA";"PC";2016;2400
"LIBERIA";"PC";2016;300
"LIBYA";"PC";2016;31600
"MADAGASCAR";"PC";2016;800
"MALAWI";"PC";2016;3600
"MAURITIUS";"PC";2016;8700
"MOROCCO";"PC";2016;152324
"NIGERIA";"PC";2016;19200
"REUNION";"PC";2016;23701
"SENEGAL";"PC";2016;4400
"SOUTH AFRICA";"PC";2016;361289
"SUDAN";"PC";2016;2400
"TANZANIA";"PC";2016;2300
"TUNISIA";"PC";2016;36400
"UGANDA";"PC";2016;2900
"ZAMBIA";"PC";2016;2300
"ZIMBABWE";"PC";2016;1300
