"Country";"Year";"Number"
"AFGHANISTAN";2002;21487079
"ALBANIA";2002;3051010
"ALGERIA";2002;31990387
"AMERICAN SAMOA";2002;58729
"ANDORRA";2002;71046
"ANGOLA";2002;16109696
"ANTIGUA AND BARBUDA";2002;80030
"ARGENTINA";2002;37889443
"ARMENIA";2002;3047249
"ARUBA";2002;94995
"AUSTRALIA";2002;19651400
"AUSTRIA";2002;8081957
"AZERBAIJAN";2002;8171950
"BAHAMAS, THE";2002;309170
"BAHRAIN";2002;725365
"BANGLADESH";2002;136228456
"BARBADOS";2002;271479
"BELARUS";2002;9865548
"BELGIUM";2002;10332785
"BELIZE";2002;262202
"BENIN";2002;7414744
"BERMUDA";2002;62912
"BHUTAN";2002;598421
"BOLIVIA";2002;8653343
"BOSNIA AND HERZEGOVINA";2002;3808347
"BOTSWANA";2002;1786672
"BRAZIL";2002;181045592
"BRITISH VIRGIN ISLANDS";2002;21530
"BRUNEI DARUSSALAM";2002;343383
"BULGARIA";2002;7837161
"BURKINA FASO";2002;12290984
"BURUNDI";2002;7159918
"CABO VERDE";2002;455396
"CAMBODIA";2002;12681984
"CAMEROON";2002;16779434
"CANADA";2002;31362000
"CAYMAN ISLANDS";2002;44742
"CENTRAL AFRICAN REPUBLIC";2002;3859784
"CHAD";2002;9002102
"CHANNEL ISLANDS";2002;150905
"CHILE";2002;15544554
"CHINA";2002;1280400000
"COLOMBIA";2002;41572493
"COMOROS";2002;575428
"CONGO, DEM. REP.";2002;50971407
"CONGO, REP.";2002;3256867
"COSTA RICA";2002;4063208
"COTE D'IVOIRE";2002;17185421
"CROATIA";2002;4440000
"CUBA";2002;11184540
"CURACAO";2002;129205
"CYPRUS";2002;979883
"CZECH REPUBLIC";2002;10196916
"DENMARK";2002;5375931
"DJIBOUTI";2002;745459
"DOMINICA";2002;69806
"DOMINICAN REPUBLIC";2002;8832286
"ECUADOR";2002;13072056
"EGYPT, ARAB REP.";2002;70908710
"EL SALVADOR";2002;5874301
"EQUATORIAL GUINEA";2002;567664
"ERITREA";2002;3788532
"ESTONIA";2002;1379350
"ETHIOPIA";2002;70391170
"FAROE ISLANDS";2002;47452
"FIJI";2002;815691
"FINLAND";2002;5200598
"FRANCE";2002;61805267
"FRENCH POLYNESIA";2002;245032
"GABON";2002;1289192
"GAMBIA, THE";2002;1307674
"GEORGIA";2002;4357000
"GERMANY";2002;82488495
"GHANA";2002;19788181
"GIBRALTAR";2002;27903
"GREECE";2002;10902022
"GREENLAND";2002;56609
"GRENADA";2002;102100
"GUAM";2002;157241
"GUATEMALA";2002;12272208
"GUINEA";2002;9114287
"GUINEA-BISSAU";2002;1372367
"GUYANA";2002;743107
"HAITI";2002;8834739
"HONDURAS";2002;6499001
"HONG KONG SAR, CHINA";2002;6744100
"HUNGARY";2002;10158608
"ICELAND";2002;287523
"INDIA";2002;1090189358
"INDONESIA";2002;217369087
"IRAN, ISLAMIC REP.";2002;67696677
"IRAQ";2002;24943793
"IRELAND";2002;3931947
"ISLE OF MAN";2002;78318
"ISRAEL";2002;6570000
"ITALY";2002;57059007
"JAMAICA";2002;2634779
"JAPAN";2002;127445000
"JORDAN";2002;4938935
"KAZAKHSTAN";2002;14858948
"KENYA";2002;32691980
"KIRIBATI";2002;87343
"KOREA, DEM. PEOPLE’S REP.";2002;23248053
"KOREA, REP.";2002;47622179
"KOSOVO";2002;1702310
"KUWAIT";2002;2042215
"KYRGYZ REPUBLIC";2002;4990700
"LAO PDR";2002;5502340
"LATVIA";2002;2310173
"LEBANON";2002;3522842
"LESOTHO";2002;1885488
"LIBERIA";2002;3070673
"LIBYA";2002;5518341
"LIECHTENSTEIN";2002;33995
"LITHUANIA";2002;3443067
"LUXEMBOURG";2002;446175
"MACAO SAR, CHINA";2002;444178
"MACEDONIA, FYR";2002;2028706
"MADAGASCAR";2002;16736029
"MALAWI";2002;11788731
"MALAYSIA";2002;24401977
"MALDIVES";2002;297000
"MALI";2002;11723017
"MALTA";2002;395969
"MARSHALL ISLANDS";2002;52161
"MAURITANIA";2002;2884672
"MAURITIUS";2002;1204621
"MEXICO";2002;105578297
"MICRONESIA, FED. STS.";2002;106983
"MOLDOVA";2002;3623062
"MONACO";2002;32648
"MONGOLIA";2002;2443503
"MONTENEGRO";2002;609828
"MOROCCO";2002;29535591
"MOZAMBIQUE";2002;19348715
"MYANMAR";2002;48689952
"NAMIBIA";2002;1957749
"NAURU";2002;10073
"NEPAL";2002;24516969
"NETHERLANDS";2002;16148929
"NEW CALEDONIA";2002;221490
"NEW ZEALAND";2002;3948500
"NICARAGUA";2002;5171736
"NIGER";2002;12075991
"NIGERIA";2002;129246283
"NORTHERN MARIANA ISLANDS";2002;68499
"NORWAY";2002;4538159
"OMAN";2002;2323203
"PAKISTAN";2002;144271586
"PALAU";2002;19575
"PANAMA";2002;3144728
"PAPUA NEW GUINEA";2002;5653284
"PARAGUAY";2002;5508615
"PERU";2002;26601463
"PHILIPPINES";2002;81294378
"POLAND";2002;38230364
"PORTUGAL";2002;10419631
"PUERTO RICO";2002;3823701
"QATAR";2002;634388
"ROMANIA";2002;21730496
"RUSSIAN FEDERATION";2002;145306046
"RWANDA";2002;8539029
"SAMOA";2002;176592
"SAN MARINO";2002;28142
"SAO TOME AND PRINCIPE";2002;143085
"SAUDI ARABIA";2002;22668102
"SENEGAL";2002;10389457
"SERBIA";2002;7496522
"SEYCHELLES";2002;83723
"SIERRA LEONE";2002;4422154
"SINGAPORE";2002;4175950
"SINT MAARTEN (DUTCH PART)";2002;32566
"SLOVAK REPUBLIC";2002;5376912
"SLOVENIA";2002;1994530
"SOLOMON ISLANDS";2002;434893
"SOMALIA";2002;7827203
"SOUTH AFRICA";2002;45855482
"SOUTH SUDAN";2002;7233237
"SPAIN";2002;41431558
"SRI LANKA";2002;18939000
"ST. KITTS AND NEVIS";2002;46935
"ST. LUCIA";2002;160218
"ST. MARTIN (FRENCH PART)";2002;27450
"ST. VINCENT AND THE GRENADINES";2002;108150
"SUDAN";2002;29569978
"SURINAME";2002;486271
"SWAZILAND";2002;1082195
"SWEDEN";2002;8924958
"SWITZERLAND";2002;7284753
"SYRIAN ARAB REPUBLIC";2002;16997521
"TAJIKISTAN";2002;6406518
"TANZANIA";2002;35855480
"THAILAND";2002;64136669
"TIMOR-LESTE";2002;894837
"TOGO";2002;5142419
"TONGA";2002;99005
"TRINIDAD AND TOBAGO";2002;1277840
"TUNISIA";2002;9864207
"TURKEY";2002;65125766
"TURKMENISTAN";2002;4600172
"TURKS AND CAICOS ISLANDS";2002;21740
"TUVALU";2002;9530
"UGANDA";2002;25355794
"UKRAINE";2002;48202500
"UNITED ARAB EMIRATES";2002;3394060
"UNITED KINGDOM";2002;59370479
"UNITED STATES";2002;287625193
"URUGUAY";2002;3327770
"UZBEKISTAN";2002;25271850
"VANUATU";2002;193957
"VENEZUELA, RB";2002;25399143
"VIETNAM";2002;79537700
"VIRGIN ISLANDS (U.S.)";2002;108208
"WEST BANK AND GAZA";2002;3075373
"YEMEN, REP.";2002;18832097
"ZAMBIA";2002;11139978
"ZIMBABWE";2002;12691431
"AFGHANISTAN";2003;22507368
"ALBANIA";2003;3039616
"ALGERIA";2003;32394886
"AMERICAN SAMOA";2003;59117
"ANDORRA";2003;74783
"ANGOLA";2003;16691395
"ANTIGUA AND BARBUDA";2003;80904
"ARGENTINA";2003;38309475
"ARMENIA";2003;3036420
"ARUBA";2003;97015
"AUSTRALIA";2003;19895400
"AUSTRIA";2003;8121423
"AZERBAIJAN";2003;8234100
"BAHAMAS, THE";2003;315757
"BAHRAIN";2003;761595
"BANGLADESH";2003;138600174
"BARBADOS";2003;272261
"BELARUS";2003;9796749
"BELGIUM";2003;10376133
"BELIZE";2003;269132
"BENIN";2003;7665681
"BERMUDA";2003;63325
"BHUTAN";2003;616474
"BOLIVIA";2003;8810420
"BOSNIA AND HERZEGOVINA";2003;3817313
"BOTSWANA";2003;1810438
"BRAZIL";2003;183627339
"BRITISH VIRGIN ISLANDS";2003;22000
"BRUNEI DARUSSALAM";2003;349557
"BULGARIA";2003;7775327
"BURKINA FASO";2003;12651596
"BURUNDI";2003;7401215
"CABO VERDE";2003;462675
"CAMBODIA";2003;12901217
"CAMEROON";2003;17218591
"CANADA";2003;31676000
"CAYMAN ISLANDS";2003;46032
"CENTRAL AFRICAN REPUBLIC";2003;3923294
"CHAD";2003;9353516
"CHANNEL ISLANDS";2003;152034
"CHILE";2003;15729268
"CHINA";2003;1288400000
"COLOMBIA";2003;42152147
"COMOROS";2003;589500
"CONGO, DEM. REP.";2003;52602208
"CONGO, REP.";2003;3331564
"COSTA RICA";2003;4125970
"COTE D'IVOIRE";2003;17491539
"CROATIA";2003;4440000
"CUBA";2003;11214837
"CURACAO";2003;131897
"CYPRUS";2003;998150
"CZECH REPUBLIC";2003;10193998
"DENMARK";2003;5390574
"DJIBOUTI";2003;756656
"DOMINICA";2003;70058
"DOMINICAN REPUBLIC";2003;8967759
"ECUADOR";2003;13289600
"EGYPT, ARAB REP.";2003;72247626
"EL SALVADOR";2003;5900929
"EQUATORIAL GUINEA";2003;586772
"ERITREA";2003;3928408
"ESTONIA";2003;1370720
"ETHIOPIA";2003;72432290
"FAROE ISLANDS";2003;47812
"FIJI";2003;816626
"FINLAND";2003;5213014
"FRANCE";2003;62244884
"FRENCH POLYNESIA";2003;248536
"GABON";2003;1318093
"GAMBIA, THE";2003;1350345
"GEORGIA";2003;4301000
"GERMANY";2003;82534176
"GHANA";2003;20305396
"GIBRALTAR";2003;28290
"GREECE";2003;10928070
"GREENLAND";2003;56765
"GRENADA";2003;102371
"GUAM";2003;157823
"GUATEMALA";2003;12573346
"GUINEA";2003;9281572
"GUINEA-BISSAU";2003;1401716
"GUYANA";2003;742537
"HAITI";2003;8976555
"HONDURAS";2003;6626304
"HONG KONG SAR, CHINA";2003;6730800
"HUNGARY";2003;10129552
"ICELAND";2003;289521
"INDIA";2003;1108369577
"INDONESIA";2003;220307809
"IRAN, ISLAMIC REP.";2003;68522074
"IRAQ";2003;25630426
"IRELAND";2003;3996521
"ISLE OF MAN";2003;78975
"ISRAEL";2003;6689700
"ITALY";2003;57313203
"JAMAICA";2003;2649825
"JAPAN";2003;127718000
"JORDAN";2003;5042538
"KAZAKHSTAN";2003;14909018
"KENYA";2003;33551079
"KIRIBATI";2003;88892
"KOREA, DEM. PEOPLE’S REP.";2003;23449173
"KOREA, REP.";2003;47859311
"KOSOVO";2003;1703466
"KUWAIT";2003;2095993
"KYRGYZ REPUBLIC";2003;5043300
"LAO PDR";2003;5579003
"LATVIA";2003;2287955
"LEBANON";2003;3701464
"LESOTHO";2003;1898778
"LIBERIA";2003;3124222
"LIBYA";2003;5609166
"LIECHTENSTEIN";2003;34290
"LITHUANIA";2003;3415213
"LUXEMBOURG";2003;451630
"MACAO SAR, CHINA";2003;450754
"MACEDONIA, FYR";2003;2033974
"MADAGASCAR";2003;17245275
"MALAWI";2003;12090476
"MALAYSIA";2003;24869423
"MALDIVES";2003;304000
"MALI";2003;12088867
"MALTA";2003;398582
"MARSHALL ISLANDS";2003;52115
"MAURITANIA";2003;2974686
"MAURITIUS";2003;1213370
"MEXICO";2003;106888418
"MICRONESIA, FED. STS.";2003;106816
"MOLDOVA";2003;3612874
"MONACO";2003;32960
"MONGOLIA";2003;2469045
"MONTENEGRO";2003;612267
"MOROCCO";2003;29812685
"MOZAMBIQUE";2003;19928496
"MYANMAR";2003;49151958
"NAMIBIA";2003;1980531
"NAURU";2003;10096
"NEPAL";2003;24868900
"NETHERLANDS";2003;16225302
"NEW CALEDONIA";2003;225000
"NEW ZEALAND";2003;4027200
"NICARAGUA";2003;5240876
"NIGER";2003;12526725
"NIGERIA";2003;132581484
"NORTHERN MARIANA ISLANDS";2003;67562
"NORWAY";2003;4564855
"OMAN";2003;2385075
"PAKISTAN";2003;147251530
"PALAU";2003;19700
"PANAMA";2003;3202511
"PAPUA NEW GUINEA";2003;5795571
"PARAGUAY";2003;5607948
"PERU";2003;26937737
"PHILIPPINES";2003;82971734
"POLAND";2003;38204570
"PORTUGAL";2003;10458821
"PUERTO RICO";2003;3826095
"QATAR";2003;668165
"ROMANIA";2003;21574326
"RUSSIAN FEDERATION";2003;144648257
"RWANDA";2003;8686469
"SAMOA";2003;177677
"SAN MARINO";2003;28520
"SAO TOME AND PRINCIPE";2003;146357
"SAUDI ARABIA";2003;23357887
"SENEGAL";2003;10673320
"SERBIA";2003;7480591
"SEYCHELLES";2003;82781
"SIERRA LEONE";2003;4647701
"SINGAPORE";2003;4114826
"SINT MAARTEN (DUTCH PART)";2003;33790
"SLOVAK REPUBLIC";2003;5373374
"SLOVENIA";2003;1995733
"SOLOMON ISLANDS";2003;446352
"SOMALIA";2003;8039104
"SOUTH AFRICA";2003;46418193
"SOUTH SUDAN";2003;7499695
"SPAIN";2003;42187645
"SRI LANKA";2003;19083000
"ST. KITTS AND NEVIS";2003;47681
"ST. LUCIA";2003;161767
"ST. MARTIN (FRENCH PART)";2003;27363
"ST. VINCENT AND THE GRENADINES";2003;108354
"SUDAN";2003;30365586
"SURINAME";2003;487641
"SWAZILAND";2003;1087949
"SWEDEN";2003;8958229
"SWITZERLAND";2003;7339001
"SYRIAN ARAB REPUBLIC";2003;17304339
"TAJIKISTAN";2003;6532871
"TANZANIA";2003;36866228
"THAILAND";2003;64817254
"TIMOR-LESTE";2003;929431
"TOGO";2003;5283246
"TONGA";2003;99606
"TRINIDAD AND TOBAGO";2003;1284052
"TUNISIA";2003;9939478
"TURKEY";2003;66060121
"TURKMENISTAN";2003;4648036
"TURKS AND CAICOS ISLANDS";2003;23412
"TUVALU";2003;9590
"UGANDA";2003;26217760
"UKRAINE";2003;47812950
"UNITED ARAB EMIRATES";2003;3625798
"UNITED KINGDOM";2003;59647577
"UNITED STATES";2003;290107933
"URUGUAY";2003;3325637
"UZBEKISTAN";2003;25567650
"VANUATU";2003;198963
"VENEZUELA, RB";2003;25857553
"VIETNAM";2003;80467400
"VIRGIN ISLANDS (U.S.)";2003;108085
"WEST BANK AND GAZA";2003;3154969
"YEMEN, REP.";2003;19374012
"ZAMBIA";2003;11426006
"ZIMBABWE";2003;12774162
"AFGHANISTAN";2004;23499850
"ALBANIA";2004;3026939
"ALGERIA";2004;32817225
"AMERICAN SAMOA";2004;59262
"ANDORRA";2004;78337
"ANGOLA";2004;17295500
"ANTIGUA AND BARBUDA";2004;81718
"ARGENTINA";2004;38728778
"ARMENIA";2004;3025982
"ARUBA";2004;98742
"AUSTRALIA";2004;20127400
"AUSTRIA";2004;8171966
"AZERBAIJAN";2004;8306500
"BAHAMAS, THE";2004;322539
"BAHRAIN";2004;807989
"BANGLADESH";2004;140843786
"BARBADOS";2004;273091
"BELARUS";2004;9730146
"BELGIUM";2004;10421137
"BELIZE";2004;276085
"BENIN";2004;7922796
"BERMUDA";2004;63740
"BHUTAN";2004;634235
"BOLIVIA";2004;8967740
"BOSNIA AND HERZEGOVINA";2004;3825872
"BOTSWANA";2004;1835750
"BRAZIL";2004;186116363
"BRITISH VIRGIN ISLANDS";2004;22538
"BRUNEI DARUSSALAM";2004;355700
"BULGARIA";2004;7716860
"BURKINA FASO";2004;13028039
"BURUNDI";2004;7661613
"CABO VERDE";2004;468985
"CAMBODIA";2004;13112334
"CAMEROON";2004;17667576
"CANADA";2004;31995000
"CAYMAN ISLANDS";2004;47299
"CENTRAL AFRICAN REPUBLIC";2004;3987896
"CHAD";2004;9710498
"CHANNEL ISLANDS";2004;153170
"CHILE";2004;15913119
"CHINA";2004;1296075000
"COLOMBIA";2004;42724157
"COMOROS";2004;603869
"CONGO, DEM. REP.";2004;54314855
"CONGO, REP.";2004;3412592
"COSTA RICA";2004;4187039
"COTE D'IVOIRE";2004;17802516
"CROATIA";2004;4439000
"CUBA";2004;11240680
"CURACAO";2004;134192
"CYPRUS";2004;1015827
"CZECH REPUBLIC";2004;10197101
"DENMARK";2004;5404523
"DJIBOUTI";2004;767644
"DOMINICA";2004;70325
"DOMINICAN REPUBLIC";2004;9102997
"ECUADOR";2004;13509645
"EGYPT, ARAB REP.";2004;73596068
"EL SALVADOR";2004;5925089
"EQUATORIAL GUINEA";2004;606201
"ERITREA";2004;4064958
"ESTONIA";2004;1362550
"ETHIOPIA";2004;74506974
"FAROE ISLANDS";2004;48103
"FIJI";2004;818355
"FINLAND";2004;5228172
"FRANCE";2004;62704897
"FRENCH POLYNESIA";2004;251811
"GABON";2004;1347524
"GAMBIA, THE";2004;1394727
"GEORGIA";2004;4245000
"GERMANY";2004;82516260
"GHANA";2004;20840493
"GIBRALTAR";2004;28694
"GREECE";2004;10955141
"GREENLAND";2004;56911
"GRENADA";2004;102657
"GUAM";2004;158194
"GUATEMALA";2004;12877711
"GUINEA";2004;9464771
"GUINEA-BISSAU";2004;1431816
"GUYANA";2004;742162
"HAITI";2004;9119182
"HONDURAS";2004;6753352
"HONG KONG SAR, CHINA";2004;6783500
"HUNGARY";2004;10107146
"ICELAND";2004;292074
"INDIA";2004;1126419321
"INDONESIA";2004;223268606
"IRAN, ISLAMIC REP.";2004;69321953
"IRAQ";2004;26320530
"IRELAND";2004;4070262
"ISLE OF MAN";2004;79636
"ISRAEL";2004;6809000
"ITALY";2004;57685327
"JAMAICA";2004;2664049
"JAPAN";2004;127761000
"JORDAN";2004;5171633
"KAZAKHSTAN";2004;15012985
"KENYA";2004;34437460
"KIRIBATI";2004;90545
"KOREA, DEM. PEOPLE’S REP.";2004;23639296
"KOREA, REP.";2004;48039415
"KOSOVO";2004;1704622
"KUWAIT";2004;2166344
"KYRGYZ REPUBLIC";2004;5104700
"LAO PDR";2004;5658894
"LATVIA";2004;2263122
"LEBANON";2004;3863271
"LESOTHO";2004;1912042
"LIBERIA";2004;3184643
"LIBYA";2004;5703224
"LIECHTENSTEIN";2004;34569
"LITHUANIA";2004;3377075
"LUXEMBOURG";2004;458095
"MACAO SAR, CHINA";2004;458579
"MACEDONIA, FYR";2004;2038444
"MADAGASCAR";2004;17763367
"MALAWI";2004;12407618
"MALAYSIA";2004;25332026
"MALDIVES";2004;312000
"MALI";2004;12474857
"MALTA";2004;401268
"MARSHALL ISLANDS";2004;52074
"MAURITANIA";2004;3064882
"MAURITIUS";2004;1221003
"MEXICO";2004;108257822
"MICRONESIA, FED. STS.";2004;106575
"MOLDOVA";2004;3603945
"MONACO";2004;33339
"MONGOLIA";2004;2496621
"MONTENEGRO";2004;613353
"MOROCCO";2004;30093109
"MOZAMBIQUE";2004;20523159
"MYANMAR";2004;49582751
"NAMIBIA";2004;2002745
"NAURU";2004;10113
"NEPAL";2004;25198130
"NETHERLANDS";2004;16281779
"NEW CALEDONIA";2004;228000
"NEW ZEALAND";2004;4087500
"NICARAGUA";2004;5309703
"NIGER";2004;12996012
"NIGERIA";2004;136033321
"NORTHERN MARIANA ISLANDS";2004;66143
"NORWAY";2004;4591910
"OMAN";2004;2448194
"PAKISTAN";2004;150267989
"PALAU";2004;19805
"PANAMA";2004;3260611
"PAPUA NEW GUINEA";2004;5940048
"PARAGUAY";2004;5703742
"PERU";2004;27273188
"PHILIPPINES";2004;84596249
"POLAND";2004;38182222
"PORTUGAL";2004;10483861
"PUERTO RICO";2004;3826878
"QATAR";2004;732096
"ROMANIA";2004;21451748
"RUSSIAN FEDERATION";2004;144067054
"RWANDA";2004;8828956
"SAMOA";2004;178794
"SAN MARINO";2004;28891
"SAO TOME AND PRINCIPE";2004;149732
"SAUDI ARABIA";2004;24055573
"SENEGAL";2004;10967016
"SERBIA";2004;7463157
"SEYCHELLES";2004;82475
"SIERRA LEONE";2004;4870467
"SINGAPORE";2004;4166664
"SINT MAARTEN (DUTCH PART)";2004;35316
"SLOVAK REPUBLIC";2004;5372280
"SLOVENIA";2004;1997012
"SOLOMON ISLANDS";2004;457841
"SOMALIA";2004;8251054
"SOUTH AFRICA";2004;47001700
"SOUTH SUDAN";2004;7784488
"SPAIN";2004;42921895
"SRI LANKA";2004;19228000
"ST. KITTS AND NEVIS";2004;48424
"ST. LUCIA";2004;163462
"ST. MARTIN (FRENCH PART)";2004;27514
"ST. VINCENT AND THE GRENADINES";2004;108563
"SUDAN";2004;31176209
"SURINAME";2004;489312
"SWAZILAND";2004;1094775
"SWEDEN";2004;8993531
"SWITZERLAND";2004;7389625
"SYRIAN ARAB REPUBLIC";2004;17671913
"TAJIKISTAN";2004;6666628
"TANZANIA";2004;37935334
"THAILAND";2004;65404522
"TIMOR-LESTE";2004;962634
"TOGO";2004;5428552
"TONGA";2004;100226
"TRINIDAD AND TOBAGO";2004;1290535
"TUNISIA";2004;10017439
"TURKEY";2004;66973561
"TURKMENISTAN";2004;4696876
"TURKS AND CAICOS ISLANDS";2004;25025
"TUVALU";2004;9646
"UGANDA";2004;27114742
"UKRAINE";2004;47451600
"UNITED ARAB EMIRATES";2004;3975945
"UNITED KINGDOM";2004;59987905
"UNITED STATES";2004;292805298
"URUGUAY";2004;3324096
"UZBEKISTAN";2004;25864350
"VANUATU";2004;204144
"VENEZUELA, RB";2004;26314483
"VIETNAM";2004;81436400
"VIRGIN ISLANDS (U.S.)";2004;107950
"WEST BANK AND GAZA";2004;3236626
"YEMEN, REP.";2004;19931617
"ZAMBIA";2004;11725635
"ZIMBABWE";2004;12867828
"AFGHANISTAN";2005;24399948
"ALBANIA";2005;3011487
"ALGERIA";2005;33267887
"AMERICAN SAMOA";2005;59117
"ANDORRA";2005;81223
"ANGOLA";2005;17912942
"ANTIGUA AND BARBUDA";2005;82565
"ARGENTINA";2005;39145491
"ARMENIA";2005;3014917
"ARUBA";2005;100031
"AUSTRALIA";2005;20394800
"AUSTRIA";2005;8227829
"AZERBAIJAN";2005;8391850
"BAHAMAS, THE";2005;329243
"BAHRAIN";2005;867014
"BANGLADESH";2005;142929979
"BARBADOS";2005;274013
"BELARUS";2005;9663915
"BELGIUM";2005;10478617
"BELIZE";2005;283279
"BENIN";2005;8182362
"BERMUDA";2005;64154
"BHUTAN";2005;651163
"BOLIVIA";2005;9125405
"BOSNIA AND HERZEGOVINA";2005;3833377
"BOTSWANA";2005;1864003
"BRAZIL";2005;188479240
"BRITISH VIRGIN ISLANDS";2005;23169
"BRUNEI DARUSSALAM";2005;361889
"BULGARIA";2005;7658972
"BURKINA FASO";2005;13421929
"BURUNDI";2005;7934213
"CABO VERDE";2005;474224
"CAMBODIA";2005;13320058
"CAMEROON";2005;18126999
"CANADA";2005;32312000
"CAYMAN ISLANDS";2005;48623
"CENTRAL AFRICAN REPUBLIC";2005;4055608
"CHAD";2005;10067932
"CHANNEL ISLANDS";2005;154298
"CHILE";2005;16096571
"CHINA";2005;1303720000
"COLOMBIA";2005;43285636
"COMOROS";2005;618632
"CONGO, DEM. REP.";2005;56089536
"CONGO, REP.";2005;3503086
"COSTA RICA";2005;4247843
"COTE D'IVOIRE";2005;18132702
"CROATIA";2005;4442000
"CUBA";2005;11261052
"CURACAO";2005;137658
"CYPRUS";2005;1032586
"CZECH REPUBLIC";2005;10211216
"DENMARK";2005;5419432
"DJIBOUTI";2005;778406
"DOMINICA";2005;70542
"DOMINICAN REPUBLIC";2005;9237565
"ECUADOR";2005;13735232
"EGYPT, ARAB REP.";2005;74942115
"EL SALVADOR";2005;5947206
"EQUATORIAL GUINEA";2005;625866
"ERITREA";2005;4191273
"ESTONIA";2005;1354775
"ETHIOPIA";2005;76608431
"FAROE ISLANDS";2005;48337
"FIJI";2005;821820
"FINLAND";2005;5246096
"FRANCE";2005;63179356
"FRENCH POLYNESIA";2005;254884
"GABON";2005;1377777
"GAMBIA, THE";2005;1440542
"GEORGIA";2005;4190000
"GERMANY";2005;82469422
"GHANA";2005;21389514
"GIBRALTAR";2005;29080
"GREECE";2005;10987314
"GREENLAND";2005;56935
"GRENADA";2005;102951
"GUAM";2005;158401
"GUATEMALA";2005;13183505
"GUINEA";2005;9669023
"GUINEA-BISSAU";2005;1462784
"GUYANA";2005;742495
"HAITI";2005;9263409
"HONDURAS";2005;6880181
"HONG KONG SAR, CHINA";2005;6813200
"HUNGARY";2005;10087065
"ICELAND";2005;296734
"INDIA";2005;1144326293
"INDONESIA";2005;226254703
"IRAN, ISLAMIC REP.";2005;70122115
"IRAQ";2005;27017712
"IRELAND";2005;4159914
"ISLE OF MAN";2005;80345
"ISRAEL";2005;6930100
"ITALY";2005;57969484
"JAMAICA";2005;2677888
"JAPAN";2005;127773000
"JORDAN";2005;5332982
"KAZAKHSTAN";2005;15147029
"KENYA";2005;35349040
"KIRIBATI";2005;92329
"KOREA, DEM. PEOPLE’S REP.";2005;23813324
"KOREA, REP.";2005;48138077
"KOSOVO";2005;1705780
"KUWAIT";2005;2263604
"KYRGYZ REPUBLIC";2005;5162600
"LAO PDR";2005;5745012
"LATVIA";2005;2238799
"LEBANON";2005;3986865
"LESOTHO";2005;1925844
"LIBERIA";2005;3269786
"LIBYA";2005;5801543
"LIECHTENSTEIN";2005;34852
"LITHUANIA";2005;3322528
"LUXEMBOURG";2005;465158
"MACAO SAR, CHINA";2005;468149
"MACEDONIA, FYR";2005;2042894
"MADAGASCAR";2005;18290394
"MALAWI";2005;12747846
"MALAYSIA";2005;25796124
"MALDIVES";2005;321000
"MALI";2005;12881384
"MALTA";2005;403834
"MARSHALL ISLANDS";2005;52058
"MAURITANIA";2005;3154087
"MAURITIUS";2005;1228254
"MEXICO";2005;109747906
"MICRONESIA, FED. STS.";2005;106198
"MOLDOVA";2005;3595187
"MONACO";2005;33808
"MONGOLIA";2005;2526447
"MONTENEGRO";2005;614261
"MOROCCO";2005;30385479
"MOZAMBIQUE";2005;21126676
"MYANMAR";2005;49984704
"NAMIBIA";2005;2027026
"NAURU";2005;10115
"NEPAL";2005;25506847
"NETHERLANDS";2005;16319868
"NEW CALEDONIA";2005;231000
"NEW ZEALAND";2005;4133900
"NICARAGUA";2005;5379327
"NIGER";2005;13485436
"NIGERIA";2005;139611303
"NORTHERN MARIANA ISLANDS";2005;64372
"NORWAY";2005;4623291
"OMAN";2005;2506891
"PAKISTAN";2005;153356383
"PALAU";2005;19907
"PANAMA";2005;3319301
"PAPUA NEW GUINEA";2005;6086905
"PARAGUAY";2005;5795493
"PERU";2005;27610406
"PHILIPPINES";2005;86141373
"POLAND";2005;38165445
"PORTUGAL";2005;10503330
"PUERTO RICO";2005;3821362
"QATAR";2005;836924
"ROMANIA";2005;21319685
"RUSSIAN FEDERATION";2005;143518523
"RWANDA";2005;9008230
"SAMOA";2005;179928
"SAN MARINO";2005;29242
"SAO TOME AND PRINCIPE";2005;153146
"SAUDI ARABIA";2005;24745230
"SENEGAL";2005;11268994
"SERBIA";2005;7440769
"SEYCHELLES";2005;82858
"SIERRA LEONE";2005;5071271
"SINGAPORE";2005;4265762
"SINT MAARTEN (DUTCH PART)";2005;36934
"SLOVAK REPUBLIC";2005;5372807
"SLOVENIA";2005;2000474
"SOLOMON ISLANDS";2005;469306
"SOMALIA";2005;8466938
"SOUTH AFRICA";2005;47606670
"SOUTH SUDAN";2005;8099908
"SPAIN";2005;43653155
"SRI LANKA";2005;19373000
"ST. KITTS AND NEVIS";2005;49139
"ST. LUCIA";2005;165407
"ST. MARTIN (FRENCH PART)";2005;27906
"ST. VINCENT AND THE GRENADINES";2005;108749
"SUDAN";2005;31990003
"SURINAME";2005;491999
"SWAZILAND";2005;1104642
"SWEDEN";2005;9029572
"SWITZERLAND";2005;7437115
"SYRIAN ARAB REPUBLIC";2005;18132842
"TAJIKISTAN";2005;6805655
"TANZANIA";2005;39065600
"THAILAND";2005;65863973
"TIMOR-LESTE";2005;989497
"TOGO";2005;5578219
"TONGA";2005;100858
"TRINIDAD AND TOBAGO";2005;1296933
"TUNISIA";2005;10102477
"TURKEY";2005;67860617
"TURKMENISTAN";2005;4747839
"TURKS AND CAICOS ISLANDS";2005;26450
"TUVALU";2005;9694
"UGANDA";2005;28042413
"UKRAINE";2005;47105150
"UNITED ARAB EMIRATES";2005;4481976
"UNITED KINGDOM";2005;60401206
"UNITED STATES";2005;295516599
"URUGUAY";2005;3325608
"UZBEKISTAN";2005;26167000
"VANUATU";2005;209375
"VENEZUELA, RB";2005;26769115
"VIETNAM";2005;82392100
"VIRGIN ISLANDS (U.S.)";2005;107863
"WEST BANK AND GAZA";2005;3320396
"YEMEN, REP.";2005;20504385
"ZAMBIA";2005;12043591
"ZIMBABWE";2005;12984418
"AFGHANISTAN";2006;25183615
"ALBANIA";2006;2992547
"ALGERIA";2006;33749328
"AMERICAN SAMOA";2006;58648
"ANDORRA";2006;83373
"ANGOLA";2006;18541467
"ANTIGUA AND BARBUDA";2006;83467
"ARGENTINA";2006;39558750
"ARMENIA";2006;3002161
"ARUBA";2006;100830
"AUSTRALIA";2006;20697900
"AUSTRIA";2006;8268641
"AZERBAIJAN";2006;8484550
"BAHAMAS, THE";2006;335801
"BAHRAIN";2006;940808
"BANGLADESH";2006;144839238
"BARBADOS";2006;275040
"BELARUS";2006;9604924
"BELGIUM";2006;10547958
"BELIZE";2006;290751
"BENIN";2006;8443717
"BERMUDA";2006;64523
"BHUTAN";2006;666920
"BOLIVIA";2006;9283345
"BOSNIA AND HERZEGOVINA";2006;3838504
"BOTSWANA";2006;1895671
"BRAZIL";2006;190698241
"BRITISH VIRGIN ISLANDS";2006;23908
"BRUNEI DARUSSALAM";2006;368150
"BULGARIA";2006;7601022
"BURKINA FASO";2006;13834195
"BURUNDI";2006;8218070
"CABO VERDE";2006;478265
"CAMBODIA";2006;13525360
"CAMEROON";2006;18597109
"CANADA";2006;32570505
"CAYMAN ISLANDS";2006;50028
"CENTRAL AFRICAN REPUBLIC";2006;4127112
"CHAD";2006;10423616
"CHANNEL ISLANDS";2006;155415
"CHILE";2006;16279728
"CHINA";2006;1311020000
"COLOMBIA";2006;43835744
"COMOROS";2006;633814
"CONGO, DEM. REP.";2006;57926840
"CONGO, REP.";2006;3604595
"COSTA RICA";2006;4308790
"COTE D'IVOIRE";2006;18486392
"CROATIA";2006;4440000
"CUBA";2006;11275199
"CURACAO";2006;141239
"CYPRUS";2006;1048293
"CZECH REPUBLIC";2006;10238905
"DENMARK";2006;5437272
"DJIBOUTI";2006;788941
"DOMINICA";2006;70690
"DOMINICAN REPUBLIC";2006;9371333
"ECUADOR";2006;13967490
"EGYPT, ARAB REP.";2006;76274285
"EL SALVADOR";2006;5967556
"EQUATORIAL GUINEA";2006;645718
"ERITREA";2006;4304440
"ESTONIA";2006;1346810
"ETHIOPIA";2006;78735675
"FAROE ISLANDS";2006;48505
"FIJI";2006;827390
"FINLAND";2006;5266268
"FRANCE";2006;63621376
"FRENCH POLYNESIA";2006;257731
"GABON";2006;1408920
"GAMBIA, THE";2006;1487731
"GEORGIA";2006;4136000
"GERMANY";2006;82376451
"GHANA";2006;21951891
"GIBRALTAR";2006;29437
"GREECE";2006;11020362
"GREENLAND";2006;56774
"GRENADA";2006;103259
"GUAM";2006;158429
"GUATEMALA";2006;13490041
"GUINEA";2006;9898301
"GUINEA-BISSAU";2006;1494603
"GUYANA";2006;743705
"HAITI";2006;9409479
"HONDURAS";2006;7007029
"HONG KONG SAR, CHINA";2006;6857100
"HUNGARY";2006;10071370
"ICELAND";2006;303782
"INDIA";2006;1162088305
"INDONESIA";2006;229263980
"IRAN, ISLAMIC REP.";2006;70923164
"IRAQ";2006;27716983
"IRELAND";2006;4273591
"ISLE OF MAN";2006;81110
"ISRAEL";2006;7053700
"ITALY";2006;58143979
"JAMAICA";2006;2691444
"JAPAN";2006;127854000
"JORDAN";2006;5530218
"KAZAKHSTAN";2006;15308084
"KENYA";2006;36286015
"KIRIBATI";2006;94257
"KOREA, DEM. PEOPLE’S REP.";2006;23969897
"KOREA, REP.";2006;48371946
"KOSOVO";2006;1719536
"KUWAIT";2006;2389498
"KYRGYZ REPUBLIC";2006;5218400
"LAO PDR";2006;5838837
"LATVIA";2006;2218357
"LEBANON";2006;4057041
"LESOTHO";2006;1940345
"LIBERIA";2006;3384804
"LIBYA";2006;5907149
"LIECHTENSTEIN";2006;35141
"LITHUANIA";2006;3269909
"LUXEMBOURG";2006;472637
"MACAO SAR, CHINA";2006;479728
"MACEDONIA, FYR";2006;2047330
"MADAGASCAR";2006;18826129
"MALAWI";2006;13112383
"MALAYSIA";2006;26263048
"MALDIVES";2006;333000
"MALI";2006;13309942
"MALTA";2006;405308
"MARSHALL ISLANDS";2006;52080
"MAURITANIA";2006;3241762
"MAURITIUS";2006;1233996
"MEXICO";2006;111382857
"MICRONESIA, FED. STS.";2006;105680
"MOLDOVA";2006;3585209
"MONACO";2006;34384
"MONGOLIA";2006;2558484
"MONTENEGRO";2006;615025
"MOROCCO";2006;30691434
"MOZAMBIQUE";2006;21737860
"MYANMAR";2006;50355559
"NAMIBIA";2006;2053915
"NAURU";2006;10101
"NEPAL";2006;25794344
"NETHERLANDS";2006;16346101
"NEW CALEDONIA";2006;235000
"NEW ZEALAND";2006;4184600
"NICARAGUA";2006;5450217
"NIGER";2006;13995530
"NIGERIA";2006;143318011
"NORTHERN MARIANA ISLANDS";2006;62235
"NORWAY";2006;4660677
"OMAN";2006;2553376
"PAKISTAN";2006;156524189
"PALAU";2006;20012
"PANAMA";2006;3378600
"PAPUA NEW GUINEA";2006;6236158
"PARAGUAY";2006;5882797
"PERU";2006;27949958
"PHILIPPINES";2006;87592899
"POLAND";2006;38141267
"PORTUGAL";2006;10522288
"PUERTO RICO";2006;3805214
"QATAR";2006;988448
"ROMANIA";2006;21193760
"RUSSIAN FEDERATION";2006;143049528
"RWANDA";2006;9231041
"SAMOA";2006;181072
"SAN MARINO";2006;29568
"SAO TOME AND PRINCIPE";2006;156584
"SAUDI ARABIA";2006;25419994
"SENEGAL";2006;11578430
"SERBIA";2006;7411569
"SEYCHELLES";2006;84600
"SIERRA LEONE";2006;5243214
"SINGAPORE";2006;4401365
"SINT MAARTEN (DUTCH PART)";2006;38270
"SLOVAK REPUBLIC";2006;5373054
"SLOVENIA";2006;2006868
"SOLOMON ISLANDS";2006;480716
"SOMALIA";2006;8686939
"SOUTH AFRICA";2006;48233804
"SOUTH SUDAN";2006;8445659
"SPAIN";2006;44397319
"SRI LANKA";2006;19520000
"ST. KITTS AND NEVIS";2006;49818
"ST. LUCIA";2006;167656
"ST. MARTIN (FRENCH PART)";2006;28414
"ST. VINCENT AND THE GRENADINES";2006;108908
"SUDAN";2006;32809056
"SURINAME";2006;495953
"SWAZILAND";2006;1118204
"SWEDEN";2006;9080505
"SWITZERLAND";2006;7483934
"SYRIAN ARAB REPUBLIC";2006;18728200
"TAJIKISTAN";2006;6949566
"TANZANIA";2006;40260847
"THAILAND";2006;66174486
"TIMOR-LESTE";2006;1008389
"TOGO";2006;5732175
"TONGA";2006;101507
"TRINIDAD AND TOBAGO";2006;1303141
"TUNISIA";2006;10196441
"TURKEY";2006;68704721
"TURKMENISTAN";2006;4801594
"TURKS AND CAICOS ISLANDS";2006;27642
"TUVALU";2006;9732
"UGANDA";2006;29000925
"UKRAINE";2006;46787750
"UNITED ARAB EMIRATES";2006;5171255
"UNITED KINGDOM";2006;60846820
"UNITED STATES";2006;298379912
"URUGUAY";2006;3331041
"UZBEKISTAN";2006;26488250
"VANUATU";2006;214635
"VENEZUELA, RB";2006;27221228
"VIETNAM";2006;83311200
"VIRGIN ISLANDS (U.S.)";2006;107700
"WEST BANK AND GAZA";2006;3406334
"YEMEN, REP.";2006;21093973
"ZAMBIA";2006;12381509
"ZIMBABWE";2006;13127942
"AFGHANISTAN";2007;25877544
"ALBANIA";2007;2970017
"ALGERIA";2007;34261971
"AMERICAN SAMOA";2007;57904
"ANDORRA";2007;84878
"ANGOLA";2007;19183907
"ANTIGUA AND BARBUDA";2007;84397
"ARGENTINA";2007;39969903
"ARMENIA";2007;2988117
"ARUBA";2007;101218
"AUSTRALIA";2007;20827600
"AUSTRIA";2007;8295487
"AZERBAIJAN";2007;8581300
"BAHAMAS, THE";2007;342259
"BAHRAIN";2007;1026568
"BANGLADESH";2007;146592687
"BARBADOS";2007;276154
"BELARUS";2007;9560953
"BELGIUM";2007;10625700
"BELIZE";2007;298403
"BENIN";2007;8707637
"BERMUDA";2007;64888
"BHUTAN";2007;681471
"BOLIVIA";2007;9441482
"BOSNIA AND HERZEGOVINA";2007;3840418
"BOTSWANA";2007;1930431
"BRAZIL";2007;192784521
"BRITISH VIRGIN ISLANDS";2007;24735
"BRUNEI DARUSSALAM";2007;374459
"BULGARIA";2007;7545338
"BURKINA FASO";2007;14264002
"BURUNDI";2007;8514578
"CABO VERDE";2007;481278
"CAMBODIA";2007;13728700
"CAMEROON";2007;19078100
"CANADA";2007;32887928
"CAYMAN ISLANDS";2007;51480
"CENTRAL AFRICAN REPUBLIC";2007;4202104
"CHAD";2007;10779504
"CHANNEL ISLANDS";2007;156516
"CHILE";2007;16462701
"CHINA";2007;1317885000
"COLOMBIA";2007;44374647
"COMOROS";2007;649404
"CONGO, DEM. REP.";2007;59834875
"CONGO, REP.";2007;3715665
"COSTA RICA";2007;4369465
"COTE D'IVOIRE";2007;18862172
"CROATIA";2007;4436000
"CUBA";2007;11284043
"CURACAO";2007;144056
"CYPRUS";2007;1063040
"CZECH REPUBLIC";2007;10298828
"DENMARK";2007;5461438
"DJIBOUTI";2007;799309
"DOMINICA";2007;70795
"DOMINICAN REPUBLIC";2007;9504336
"ECUADOR";2007;14205479
"EGYPT, ARAB REP.";2007;77605327
"EL SALVADOR";2007;5986414
"EQUATORIAL GUINEA";2007;665798
"ERITREA";2007;4406299
"ESTONIA";2007;1340680
"ETHIOPIA";2007;80891968
"FAROE ISLANDS";2007;48599
"FIJI";2007;834729
"FINLAND";2007;5288720
"FRANCE";2007;64016229
"FRENCH POLYNESIA";2007;260361
"GABON";2007;1440902
"GAMBIA, THE";2007;1536424
"GEORGIA";2007;4082000
"GERMANY";2007;82266372
"GHANA";2007;22528041
"GIBRALTAR";2007;29770
"GREECE";2007;11048473
"GREENLAND";2007;56555
"GRENADA";2007;103587
"GUAM";2007;158332
"GUATEMALA";2007;13797629
"GUINEA";2007;10152521
"GUINEA-BISSAU";2007;1527342
"GUYANA";2007;745638
"HAITI";2007;9556958
"HONDURAS";2007;7133737
"HONG KONG SAR, CHINA";2007;6916300
"HUNGARY";2007;10055780
"ICELAND";2007;311566
"INDIA";2007;1179685631
"INDONESIA";2007;232296830
"IRAN, ISLAMIC REP.";2007;71720859
"IRAQ";2007;28423538
"IRELAND";2007;4398942
"ISLE OF MAN";2007;81914
"ISRAEL";2007;7180100
"ITALY";2007;58438310
"JAMAICA";2007;2704606
"JAPAN";2007;128001000
"JORDAN";2007;5759424
"KAZAKHSTAN";2007;15484192
"KENYA";2007;37250540
"KIRIBATI";2007;96310
"KOREA, DEM. PEOPLE’S REP.";2007;24111945
"KOREA, REP.";2007;48597652
"KOSOVO";2007;1733404
"KUWAIT";2007;2538591
"KYRGYZ REPUBLIC";2007;5268400
"LAO PDR";2007;5939634
"LATVIA";2007;2200325
"LEBANON";2007;4085426
"LESOTHO";2007;1955656
"LIBERIA";2007;3522337
"LIBYA";2007;6017794
"LIECHTENSTEIN";2007;35431
"LITHUANIA";2007;3231294
"LUXEMBOURG";2007;479993
"MACAO SAR, CHINA";2007;493022
"MACEDONIA, FYR";2007;2051427
"MADAGASCAR";2007;19371031
"MALAWI";2007;13498377
"MALAYSIA";2007;26730607
"MALDIVES";2007;349000
"MALI";2007;13759226
"MALTA";2007;406724
"MARSHALL ISLANDS";2007;52136
"MAURITANIA";2007;3328285
"MAURITIUS";2007;1239630
"MEXICO";2007;113139374
"MICRONESIA, FED. STS.";2007;105080
"MOLDOVA";2007;3576910
"MONACO";2007;35046
"MONGOLIA";2007;2592776
"MONTENEGRO";2007;615875
"MOROCCO";2007;31011322
"MOZAMBIQUE";2007;22359637
"MYANMAR";2007;50698814
"NAMIBIA";2007;2083174
"NAURU";2007;10075
"NEPAL";2007;26063619
"NETHERLANDS";2007;16381696
"NEW CALEDONIA";2007;238000
"NEW ZEALAND";2007;4223800
"NICARAGUA";2007;5522119
"NIGER";2007;14527631
"NIGERIA";2007;147152502
"NORTHERN MARIANA ISLANDS";2007;59791
"NORWAY";2007;4709153
"OMAN";2007;2593750
"PAKISTAN";2007;159767672
"PALAU";2007;20118
"PANAMA";2007;3438398
"PAPUA NEW GUINEA";2007;6387470
"PARAGUAY";2007;5966160
"PERU";2007;28292768
"PHILIPPINES";2007;88965508
"POLAND";2007;38120560
"PORTUGAL";2007;10542964
"PUERTO RICO";2007;3782995
"QATAR";2007;1178955
"ROMANIA";2007;20882982
"RUSSIAN FEDERATION";2007;142805088
"RWANDA";2007;9481083
"SAMOA";2007;182238
"SAN MARINO";2007;29874
"SAO TOME AND PRINCIPE";2007;160064
"SAUDI ARABIA";2007;26083522
"SENEGAL";2007;11897230
"SERBIA";2007;7381579
"SEYCHELLES";2007;85033
"SIERRA LEONE";2007;5391108
"SINGAPORE";2007;4588599
"SINT MAARTEN (DUTCH PART)";2007;39462
"SLOVAK REPUBLIC";2007;5374622
"SLOVENIA";2007;2018122
"SOLOMON ISLANDS";2007;492075
"SOMALIA";2007;8909015
"SOUTH AFRICA";2007;48883844
"SOUTH SUDAN";2007;8815495
"SPAIN";2007;45226803
"SRI LANKA";2007;19668000
"ST. KITTS AND NEVIS";2007;50465
"ST. LUCIA";2007;170146
"ST. MARTIN (FRENCH PART)";2007;28905
"ST. VINCENT AND THE GRENADINES";2007;109049
"SUDAN";2007;33637960
"SURINAME";2007;500953
"SWAZILAND";2007;1134853
"SWEDEN";2007;9148092
"SWITZERLAND";2007;7551117
"SYRIAN ARAB REPUBLIC";2007;19425597
"TAJIKISTAN";2007;7099021
"TANZANIA";2007;41522004
"THAILAND";2007;66353572
"TIMOR-LESTE";2007;1021235
"TOGO";2007;5890414
"TONGA";2007;102169
"TRINIDAD AND TOBAGO";2007;1309260
"TUNISIA";2007;10298717
"TURKEY";2007;69515492
"TURKMENISTAN";2007;4858235
"TURKS AND CAICOS ISLANDS";2007;28638
"TUVALU";2007;9764
"UGANDA";2007;29991958
"UKRAINE";2007;46509350
"UNITED ARAB EMIRATES";2007;6010100
"UNITED KINGDOM";2007;61322463
"UNITED STATES";2007;301231207
"URUGUAY";2007;3339750
"UZBEKISTAN";2007;26868000
"VANUATU";2007;219956
"VENEZUELA, RB";2007;27670659
"VIETNAM";2007;84218500
"VIRGIN ISLANDS (U.S.)";2007;107423
"WEST BANK AND GAZA";2007;3494496
"YEMEN, REP.";2007;21701105
"ZAMBIA";2007;12738676
"ZIMBABWE";2007;13297798
"AFGHANISTAN";2008;26528741
"ALBANIA";2008;2947314
"ALGERIA";2008;34811059
"AMERICAN SAMOA";2008;57031
"ANDORRA";2008;85616
"ANGOLA";2008;19842251
"ANTIGUA AND BARBUDA";2008;85350
"ARGENTINA";2008;40381860
"ARMENIA";2008;2975029
"ARUBA";2008;101342
"AUSTRALIA";2008;21249200
"AUSTRIA";2008;8321496
"AZERBAIJAN";2008;8763400
"BAHAMAS, THE";2008;348587
"BAHRAIN";2008;1115777
"BANGLADESH";2008;148252473
"BARBADOS";2008;277315
"BELARUS";2008;9527985
"BELGIUM";2008;10709973
"BELIZE";2008;306165
"BENIN";2008;8973525
"BERMUDA";2008;65273
"BHUTAN";2008;694990
"BOLIVIA";2008;9599916
"BOSNIA AND HERZEGOVINA";2008;3839749
"BOTSWANA";2008;1967866
"BRAZIL";2008;194769696
"BRITISH VIRGIN ISLANDS";2008;25604
"BRUNEI DARUSSALAM";2008;380786
"BULGARIA";2008;7492561
"BURKINA FASO";2008;14709011
"BURUNDI";2008;8821795
"CABO VERDE";2008;483824
"CAMBODIA";2008;13933660
"CAMEROON";2008;19570418
"CANADA";2008;33245773
"CAYMAN ISLANDS";2008;52925
"CENTRAL AFRICAN REPUBLIC";2008;4280405
"CHAD";2008;11139740
"CHANNEL ISLANDS";2008;157587
"CHILE";2008;16645940
"CHINA";2008;1324655000
"COLOMBIA";2008;44901660
"COMOROS";2008;665414
"CONGO, DEM. REP.";2008;61809278
"CONGO, REP.";2008;3832771
"COSTA RICA";2008;4429506
"COTE D'IVOIRE";2008;19261647
"CROATIA";2008;4434508
"CUBA";2008;11290239
"CURACAO";2008;145880
"CYPRUS";2008;1077010
"CZECH REPUBLIC";2008;10384603
"DENMARK";2008;5493621
"DJIBOUTI";2008;809639
"DOMINICA";2008;70881
"DOMINICAN REPUBLIC";2008;9636491
"ECUADOR";2008;14447600
"EGYPT, ARAB REP.";2008;78976122
"EL SALVADOR";2008;6004199
"EQUATORIAL GUINEA";2008;686223
"ERITREA";2008;4500638
"ESTONIA";2008;1337090
"ETHIOPIA";2008;83079608
"FAROE ISLANDS";2008;48629
"FIJI";2008;843206
"FINLAND";2008;5313399
"FRANCE";2008;64374990
"FRENCH POLYNESIA";2008;262877
"GABON";2008;1473741
"GAMBIA, THE";2008;1586749
"GEORGIA";2008;4030000
"GERMANY";2008;82110097
"GHANA";2008;23115919
"GIBRALTAR";2008;30089
"GREECE";2008;11077841
"GREENLAND";2008;56328
"GRENADA";2008;103934
"GUAM";2008;158310
"GUATEMALA";2008;14106687
"GUINEA";2008;10427356
"GUINEA-BISSAU";2008;1561293
"GUYANA";2008;748096
"HAITI";2008;9705130
"HONDURAS";2008;7259470
"HONG KONG SAR, CHINA";2008;6957800
"HUNGARY";2008;10038188
"ICELAND";2008;317414
"INDIA";2008;1197070109
"INDONESIA";2008;235360765
"IRAN, ISLAMIC REP.";2008;72530693
"IRAQ";2008;29163327
"IRELAND";2008;4489544
"ISLE OF MAN";2008;82737
"ISRAEL";2008;7308800
"ITALY";2008;58826731
"JAMAICA";2008;2717344
"JAPAN";2008;128063000
"JORDAN";2008;6010035
"KAZAKHSTAN";2008;15674000
"KENYA";2008;38244442
"KIRIBATI";2008;98437
"KOREA, DEM. PEOPLE’S REP.";2008;24243829
"KOREA, REP.";2008;48948698
"KOSOVO";2008;1747383
"KUWAIT";2008;2705290
"KYRGYZ REPUBLIC";2008;5318700
"LAO PDR";2008;6045439
"LATVIA";2008;2177322
"LEBANON";2008;4109389
"LESOTHO";2008;1972194
"LIBERIA";2008;3672782
"LIBYA";2008;6123022
"LIECHTENSTEIN";2008;35721
"LITHUANIA";2008;3198231
"LUXEMBOURG";2008;488650
"MACAO SAR, CHINA";2008;507274
"MACEDONIA, FYR";2008;2055266
"MADAGASCAR";2008;19926798
"MALAWI";2008;13904671
"MALAYSIA";2008;27197419
"MALDIVES";2008;362000
"MALI";2008;14223403
"MALTA";2008;409379
"MARSHALL ISLANDS";2008;52221
"MAURITANIA";2008;3414552
"MAURITIUS";2008;1244121
"MEXICO";2008;114972821
"MICRONESIA, FED. STS.";2008;104472
"MOLDOVA";2008;3570108
"MONACO";2008;35731
"MONGOLIA";2008;2629666
"MONTENEGRO";2008;616969
"MOROCCO";2008;31350544
"MOZAMBIQUE";2008;22994867
"MYANMAR";2008;51030006
"NAMIBIA";2008;2115703
"NAURU";2008;10047
"NEPAL";2008;26325183
"NETHERLANDS";2008;16445593
"NEW CALEDONIA";2008;242000
"NEW ZEALAND";2008;4259800
"NICARAGUA";2008;5594524
"NIGER";2008;15085130
"NIGERIA";2008;151115683
"NORTHERN MARIANA ISLANDS";2008;57343
"NORWAY";2008;4768212
"OMAN";2008;2652281
"PAKISTAN";2008;163096985
"PALAU";2008;20227
"PANAMA";2008;3498679
"PAPUA NEW GUINEA";2008;6540267
"PARAGUAY";2008;6047131
"PERU";2008;28642048
"PHILIPPINES";2008;90297115
"POLAND";2008;38125759
"PORTUGAL";2008;10558177
"PUERTO RICO";2008;3760866
"QATAR";2008;1388962
"ROMANIA";2008;20537875
"RUSSIAN FEDERATION";2008;142742350
"RWANDA";2008;9750314
"SAMOA";2008;183440
"SAN MARINO";2008;30160
"SAO TOME AND PRINCIPE";2008;163595
"SAUDI ARABIA";2008;26742842
"SENEGAL";2008;12229703
"SERBIA";2008;7350222
"SEYCHELLES";2008;86956
"SIERRA LEONE";2008;5521838
"SINGAPORE";2008;4839396
"SINT MAARTEN (DUTCH PART)";2008;40458
"SLOVAK REPUBLIC";2008;5379233
"SLOVENIA";2008;2021316
"SOLOMON ISLANDS";2008;503410
"SOMALIA";2008;9132589
"SOUTH AFRICA";2008;49557573
"SOUTH SUDAN";2008;9208598
"SPAIN";2008;45954106
"SRI LANKA";2008;19817000
"ST. KITTS AND NEVIS";2008;51093
"ST. LUCIA";2008;172729
"ST. MARTIN (FRENCH PART)";2008;29376
"ST. VINCENT AND THE GRENADINES";2008;109165
"SUDAN";2008;34470138
"SURINAME";2008;506657
"SWAZILAND";2008;1153750
"SWEDEN";2008;9219637
"SWITZERLAND";2008;7647675
"SYRIAN ARAB REPUBLIC";2008;20097057
"TAJIKISTAN";2008;7254072
"TANZANIA";2008;42844744
"THAILAND";2008;66453255
"TIMOR-LESTE";2008;1030915
"TOGO";2008;6052937
"TONGA";2008;102816
"TRINIDAD AND TOBAGO";2008;1315372
"TUNISIA";2008;10408091
"TURKEY";2008;70344357
"TURKMENISTAN";2008;4917541
"TURKS AND CAICOS ISLANDS";2008;29481
"TUVALU";2008;9788
"UGANDA";2008;31014427
"UKRAINE";2008;46258200
"UNITED ARAB EMIRATES";2008;6900142
"UNITED KINGDOM";2008;61806995
"UNITED STATES";2008;304093966
"URUGUAY";2008;3350832
"UZBEKISTAN";2008;27302800
"VANUATU";2008;225335
"VENEZUELA, RB";2008;28116716
"VIETNAM";2008;85118700
"VIRGIN ISLANDS (U.S.)";2008;107091
"WEST BANK AND GAZA";2008;3596688
"YEMEN, REP.";2008;22322699
"ZAMBIA";2008;13114579
"ZIMBABWE";2008;13495462
"AFGHANISTAN";2009;27207291
"ALBANIA";2009;2927519
"ALGERIA";2009;35401790
"AMERICAN SAMOA";2009;56226
"ANDORRA";2009;85474
"ANGOLA";2009;20520103
"ANTIGUA AND BARBUDA";2009;86300
"ARGENTINA";2009;40798641
"ARMENIA";2009;2966108
"ARUBA";2009;101416
"AUSTRALIA";2009;21691700
"AUSTRIA";2009;8343323
"AZERBAIJAN";2009;8947243
"BAHAMAS, THE";2009;354780
"BAHRAIN";2009;1196774
"BANGLADESH";2009;149905836
"BARBADOS";2009;278466
"BELARUS";2009;9506765
"BELGIUM";2009;10796493
"BELIZE";2009;313925
"BENIN";2009;9240982
"BERMUDA";2009;65636
"BHUTAN";2009;707830
"BOLIVIA";2009;9758799
"BOSNIA AND HERZEGOVINA";2009;3837732
"BOTSWANA";2009;2007212
"BRAZIL";2009;196701298
"BRITISH VIRGIN ISLANDS";2009;26450
"BRUNEI DARUSSALAM";2009;387080
"BULGARIA";2009;7444443
"BURKINA FASO";2009;15165856
"BURUNDI";2009;9137786
"CABO VERDE";2009;486673
"CAMBODIA";2009;14144337
"CAMEROON";2009;20074522
"CANADA";2009;33628571
"CAYMAN ISLANDS";2009;54285
"CENTRAL AFRICAN REPUBLIC";2009;4361492
"CHAD";2009;11510535
"CHANNEL ISLANDS";2009;158613
"CHILE";2009;16829957
"CHINA";2009;1331260000
"COLOMBIA";2009;45416276
"COMOROS";2009;681845
"CONGO, DEM. REP.";2009;63845097
"CONGO, REP.";2009;3950786
"COSTA RICA";2009;4488261
"COTE D'IVOIRE";2009;19684909
"CROATIA";2009;4429078
"CUBA";2009;11297442
"CURACAO";2009;146833
"CYPRUS";2009;1090486
"CZECH REPUBLIC";2009;10443936
"DENMARK";2009;5523095
"DJIBOUTI";2009;820097
"DOMINICA";2009;70995
"DOMINICAN REPUBLIC";2009;9767737
"ECUADOR";2009;14691310
"EGYPT, ARAB REP.";2009;80442443
"EL SALVADOR";2009;6021368
"EQUATORIAL GUINEA";2009;707155
"ERITREA";2009;4593549
"ESTONIA";2009;1334515
"ETHIOPIA";2009;85302099
"FAROE ISLANDS";2009;48613
"FIJI";2009;851854
"FINLAND";2009;5338871
"FRANCE";2009;64707044
"FRENCH POLYNESIA";2009;265412
"GABON";2009;1507428
"GAMBIA, THE";2009;1638899
"GEORGIA";2009;3978000
"GERMANY";2009;81902307
"GHANA";2009;23713164
"GIBRALTAR";2009;30407
"GREECE";2009;11107017
"GREENLAND";2009;56323
"GRENADA";2009;104298
"GUAM";2009;158621
"GUATEMALA";2009;14418033
"GUINEA";2009;10715770
"GUINEA-BISSAU";2009;1596832
"GUYANA";2009;750749
"HAITI";2009;9852953
"HONDURAS";2009;7383098
"HONG KONG SAR, CHINA";2009;6972800
"HUNGARY";2009;10022650
"ICELAND";2009;318499
"INDIA";2009;1214182182
"INDONESIA";2009;238465165
"IRAN, ISLAMIC REP.";2009;73370982
"IRAQ";2009;29970634
"IRELAND";2009;4535375
"ISLE OF MAN";2009;83548
"ISRAEL";2009;7485600
"ITALY";2009;59095365
"JAMAICA";2009;2729575
"JAPAN";2009;128047000
"JORDAN";2009;6266865
"KAZAKHSTAN";2009;16092701
"KENYA";2009;39269988
"KIRIBATI";2009;100566
"KOREA, DEM. PEOPLE’S REP.";2009;24371806
"KOREA, REP.";2009;49182038
"KOSOVO";2009;1761474
"KUWAIT";2009;2881243
"KYRGYZ REPUBLIC";2009;5383300
"LAO PDR";2009;6153153
"LATVIA";2009;2141669
"LEBANON";2009;4181742
"LESOTHO";2009;1990413
"LIBERIA";2009;3821498
"LIBYA";2009;6208680
"LIECHTENSTEIN";2009;36004
"LITHUANIA";2009;3162916
"LUXEMBOURG";2009;497783
"MACAO SAR, CHINA";2009;521405
"MACEDONIA, FYR";2009;2058920
"MADAGASCAR";2009;20495706
"MALAWI";2009;14329056
"MALAYSIA";2009;27661017
"MALDIVES";2009;360000
"MALI";2009;14694565
"MALTA";2009;412477
"MARSHALL ISLANDS";2009;52321
"MAURITANIA";2009;3501927
"MAURITIUS";2009;1247429
"MEXICO";2009;116815612
"MICRONESIA, FED. STS.";2009;103961
"MOLDOVA";2009;3565604
"MONACO";2009;36351
"MONGOLIA";2009;2669572
"MONTENEGRO";2009;618294
"MOROCCO";2009;31714958
"MOZAMBIQUE";2009;23647815
"MYANMAR";2009;51369725
"NAMIBIA";2009;2152357
"NAURU";2009;10028
"NEPAL";2009;26592666
"NETHERLANDS";2009;16530388
"NEW CALEDONIA";2009;245000
"NEW ZEALAND";2009;4302600
"NICARAGUA";2009;5666595
"NIGER";2009;15672194
"NIGERIA";2009;155207145
"NORTHERN MARIANA ISLANDS";2009;55276
"NORWAY";2009;4828726
"OMAN";2009;2762073
"PAKISTAN";2009;166520983
"PALAU";2009;20344
"PANAMA";2009;3559401
"PAPUA NEW GUINEA";2009;6693799
"PARAGUAY";2009;6127847
"PERU";2009;29001563
"PHILIPPINES";2009;91641881
"POLAND";2009;38151603
"PORTUGAL";2009;10568247
"PUERTO RICO";2009;3740410
"QATAR";2009;1591151
"ROMANIA";2009;20367487
"RUSSIAN FEDERATION";2009;142785342
"RWANDA";2009;10024594
"SAMOA";2009;184700
"SAN MARINO";2009;30431
"SAO TOME AND PRINCIPE";2009;167196
"SAUDI ARABIA";2009;27409491
"SENEGAL";2009;12581624
"SERBIA";2009;7320807
"SEYCHELLES";2009;87298
"SIERRA LEONE";2009;5647194
"SINGAPORE";2009;4987573
"SINT MAARTEN (DUTCH PART)";2009;39133
"SLOVAK REPUBLIC";2009;5386406
"SLOVENIA";2009;2039669
"SOLOMON ISLANDS";2009;514767
"SOMALIA";2009;9356827
"SOUTH AFRICA";2009;50255813
"SOUTH SUDAN";2009;9623176
"SPAIN";2009;46362946
"SRI LANKA";2009;19968000
"ST. KITTS AND NEVIS";2009;51717
"ST. LUCIA";2009;175196
"ST. MARTIN (FRENCH PART)";2009;29820
"ST. VINCENT AND THE GRENADINES";2009;109255
"SUDAN";2009;35297298
"SURINAME";2009;512522
"SWAZILAND";2009;1173529
"SWEDEN";2009;9298515
"SWITZERLAND";2009;7743831
"SYRIAN ARAB REPUBLIC";2009;20566871
"TAJIKISTAN";2009;7414960
"TANZANIA";2009;44222113
"THAILAND";2009;66548197
"TIMOR-LESTE";2009;1041827
"TOGO";2009;6219761
"TONGA";2009;103416
"TRINIDAD AND TOBAGO";2009;1321624
"TUNISIA";2009;10522214
"TURKEY";2009;71261307
"TURKMENISTAN";2009;4978960
"TURKS AND CAICOS ISLANDS";2009;30247
"TUVALU";2009;9808
"UGANDA";2009;32067125
"UKRAINE";2009;46053300
"UNITED ARAB EMIRATES";2009;7705423
"UNITED KINGDOM";2009;62276270
"UNITED STATES";2009;306771529
"URUGUAY";2009;3362761
"UZBEKISTAN";2009;27767400
"VANUATU";2009;230782
"VENEZUELA, RB";2009;28558607
"VIETNAM";2009;86025000
"VIRGIN ISLANDS (U.S.)";2009;106707
"WEST BANK AND GAZA";2009;3702218
"YEMEN, REP.";2009;22954226
"ZAMBIA";2009;13507849
"ZIMBABWE";2009;13720997
"AFGHANISTAN";2010;27962207
"ALBANIA";2010;2913021
"ALGERIA";2010;36036159
"AMERICAN SAMOA";2010;55636
"ANDORRA";2010;84419
"ANGOLA";2010;21219954
"ANTIGUA AND BARBUDA";2010;87233
"ARGENTINA";2010;41222875
"ARMENIA";2010;2963496
"ARUBA";2010;101597
"AUSTRALIA";2010;22031750
"AUSTRIA";2010;8363404
"AZERBAIJAN";2010;9054332
"BAHAMAS, THE";2010;360830
"BAHRAIN";2010;1261319
"BANGLADESH";2010;151616777
"BARBADOS";2010;279566
"BELARUS";2010;9490583
"BELGIUM";2010;10895586
"BELIZE";2010;321609
"BENIN";2010;9509798
"BERMUDA";2010;65124
"BHUTAN";2010;720246
"BOLIVIA";2010;9918245
"BOSNIA AND HERZEGOVINA";2010;3835258
"BOTSWANA";2010;2047831
"BRAZIL";2010;198614208
"BRITISH VIRGIN ISLANDS";2010;27223
"BRUNEI DARUSSALAM";2010;393302
"BULGARIA";2010;7395599
"BURKINA FASO";2010;15632066
"BURUNDI";2010;9461117
"CABO VERDE";2010;490379
"CAMBODIA";2010;14363586
"CAMEROON";2010;20590666
"CANADA";2010;34005274
"CAYMAN ISLANDS";2010;55509
"CENTRAL AFRICAN REPUBLIC";2010;4444973
"CHAD";2010;11896380
"CHANNEL ISLANDS";2010;159583
"CHILE";2010;17015048
"CHINA";2010;1337705000
"COLOMBIA";2010;45918101
"COMOROS";2010;698695
"CONGO, DEM. REP.";2010;65938712
"CONGO, REP.";2010;4066078
"COSTA RICA";2010;4545273
"COTE D'IVOIRE";2010;20131707
"CROATIA";2010;4417781
"CUBA";2010;11308133
"CURACAO";2010;148703
"CYPRUS";2010;1103685
"CZECH REPUBLIC";2010;10474410
"DENMARK";2010;5547683
"DJIBOUTI";2010;830802
"DOMINICA";2010;71167
"DOMINICAN REPUBLIC";2010;9897983
"ECUADOR";2010;14934692
"EGYPT, ARAB REP.";2010;82040994
"EL SALVADOR";2010;6038306
"EQUATORIAL GUINEA";2010;728710
"ERITREA";2010;4689664
"ESTONIA";2010;1331475
"ETHIOPIA";2010;87561814
"FAROE ISLANDS";2010;48567
"FIJI";2010;859952
"FINLAND";2010;5363352
"FRANCE";2010;65027512
"FRENCH POLYNESIA";2010;268065
"GABON";2010;1541936
"GAMBIA, THE";2010;1693002
"GEORGIA";2010;3926000
"GERMANY";2010;81776930
"GHANA";2010;24317734
"GIBRALTAR";2010;30732
"GREECE";2010;11121341
"GREENLAND";2010;56905
"GRENADA";2010;104677
"GUAM";2010;159440
"GUATEMALA";2010;14732261
"GUINEA";2010;11012406
"GUINEA-BISSAU";2010;1634196
"GUYANA";2010;753362
"HAITI";2010;9999617
"HONDURAS";2010;7503875
"HONG KONG SAR, CHINA";2010;7024200
"HUNGARY";2010;10000023
"ICELAND";2010;318041
"INDIA";2010;1230984504
"INDONESIA";2010;241613126
"IRAN, ISLAMIC REP.";2010;74253373
"IRAQ";2010;30868156
"IRELAND";2010;4560155
"ISLE OF MAN";2010;84327
"ISRAEL";2010;7623600
"ITALY";2010;59277417
"JAMAICA";2010;2741253
"JAPAN";2010;128070000
"JORDAN";2010;6517912
"KAZAKHSTAN";2010;16321581
"KENYA";2010;40328313
"KIRIBATI";2010;102648
"KOREA, DEM. PEOPLE’S REP.";2010;24500506
"KOREA, REP.";2010;49410366
"KOSOVO";2010;1775680
"KUWAIT";2010;3059473
"KYRGYZ REPUBLIC";2010;5447900
"LAO PDR";2010;6260544
"LATVIA";2010;2097555
"LEBANON";2010;4337156
"LESOTHO";2010;2010586
"LIBERIA";2010;3957990
"LIBYA";2010;6265697
"LIECHTENSTEIN";2010;36276
"LITHUANIA";2010;3097282
"LUXEMBOURG";2010;506953
"MACAO SAR, CHINA";2010;534626
"MACEDONIA, FYR";2010;2062443
"MADAGASCAR";2010;21079532
"MALAWI";2010;14769824
"MALAYSIA";2010;28119500
"MALDIVES";2010;367000
"MALI";2010;15167286
"MALTA";2010;414508
"MARSHALL ISLANDS";2010;52428
"MAURITANIA";2010;3591400
"MAURITIUS";2010;1250400
"MEXICO";2010;118617542
"MICRONESIA, FED. STS.";2010;103619
"MOLDOVA";2010;3562045
"MONACO";2010;36845
"MONGOLIA";2010;2712657
"MONTENEGRO";2010;619428
"MOROCCO";2010;32107739
"MOZAMBIQUE";2010;24321457
"MYANMAR";2010;51733013
"NAMIBIA";2010;2193643
"NAURU";2010;10025
"NEPAL";2010;26875910
"NETHERLANDS";2010;16615394
"NEW CALEDONIA";2010;250000
"NEW ZEALAND";2010;4350700
"NICARAGUA";2010;5737722
"NIGER";2010;16291990
"NIGERIA";2010;159424742
"NORTHERN MARIANA ISLANDS";2010;53860
"NORWAY";2010;4889252
"OMAN";2010;2943747
"PAKISTAN";2010;170043918
"PALAU";2010;20470
"PANAMA";2010;3620506
"PAPUA NEW GUINEA";2010;6847517
"PARAGUAY";2010;6209877
"PERU";2010;29373644
"PHILIPPINES";2010;93038902
"POLAND";2010;38042794
"PORTUGAL";2010;10573100
"PUERTO RICO";2010;3721526
"QATAR";2010;1765513
"ROMANIA";2010;20246871
"RUSSIAN FEDERATION";2010;142849449
"RWANDA";2010;10293669
"SAMOA";2010;186029
"SAN MARINO";2010;30690
"SAO TOME AND PRINCIPE";2010;170880
"SAUDI ARABIA";2010;28090647
"SENEGAL";2010;12956791
"SERBIA";2010;7291436
"SEYCHELLES";2010;89770
"SIERRA LEONE";2010;5775902
"SINGAPORE";2010;5076732
"SINT MAARTEN (DUTCH PART)";2010;35474
"SLOVAK REPUBLIC";2010;5391428
"SLOVENIA";2010;2048583
"SOLOMON ISLANDS";2010;526177
"SOMALIA";2010;9581714
"SOUTH AFRICA";2010;50979432
"SOUTH SUDAN";2010;10056475
"SPAIN";2010;46576897
"SRI LANKA";2010;20119000
"ST. KITTS AND NEVIS";2010;52352
"ST. LUCIA";2010;177397
"ST. MARTIN (FRENCH PART)";2010;30235
"ST. VINCENT AND THE GRENADINES";2010;109316
"SUDAN";2010;36114885
"SURINAME";2010;518141
"SWAZILAND";2010;1193148
"SWEDEN";2010;9378126
"SWITZERLAND";2010;7824909
"SYRIAN ARAB REPUBLIC";2010;20720602
"TAJIKISTAN";2010;7581696
"TANZANIA";2010;45648525
"THAILAND";2010;66692024
"TIMOR-LESTE";2010;1057122
"TOGO";2010;6390851
"TONGA";2010;103947
"TRINIDAD AND TOBAGO";2010;1328095
"TUNISIA";2010;10639194
"TURKEY";2010;72310416
"TURKMENISTAN";2010;5041995
"TURKS AND CAICOS ISLANDS";2010;30993
"TUVALU";2010;9827
"UGANDA";2010;33149417
"UKRAINE";2010;45870700
"UNITED ARAB EMIRATES";2010;8329453
"UNITED KINGDOM";2010;62766365
"UNITED STATES";2010;309346863
"URUGUAY";2010;3374414
"UZBEKISTAN";2010;28562400
"VANUATU";2010;236299
"VENEZUELA, RB";2010;28995745
"VIETNAM";2010;86932500
"VIRGIN ISLANDS (U.S.)";2010;106267
"WEST BANK AND GAZA";2010;3811102
"YEMEN, REP.";2010;23591972
"ZAMBIA";2010;13917439
"ZIMBABWE";2010;13973897
"AFGHANISTAN";2011;28809167
"ALBANIA";2011;2904780
"ALGERIA";2011;36717132
"AMERICAN SAMOA";2011;55316
"ANDORRA";2011;82326
"ANGOLA";2011;21942296
"ANTIGUA AND BARBUDA";2011;88152
"ARGENTINA";2011;41655616
"ARMENIA";2011;2967984
"ARUBA";2011;101936
"AUSTRALIA";2011;22340024
"AUSTRIA";2011;8391643
"AZERBAIJAN";2011;9173082
"BAHAMAS, THE";2011;366711
"BAHRAIN";2011;1306014
"BANGLADESH";2011;153405612
"BARBADOS";2011;280602
"BELARUS";2011;9473172
"BELGIUM";2011;11047744
"BELIZE";2011;329193
"BENIN";2011;9779391
"BERMUDA";2011;64564
"BHUTAN";2011;732246
"BOLIVIA";2011;10078238
"BOSNIA AND HERZEGOVINA";2011;3832310
"BOTSWANA";2011;2089706
"BRAZIL";2011;200517584
"BRITISH VIRGIN ISLANDS";2011;27906
"BRUNEI DARUSSALAM";2011;399443
"BULGARIA";2011;7348328
"BURKINA FASO";2011;16106851
"BURUNDI";2011;9790151
"CABO VERDE";2011;495159
"CAMBODIA";2011;14593099
"CAMEROON";2011;21119065
"CANADA";2011;34342780
"CAYMAN ISLANDS";2011;56580
"CENTRAL AFRICAN REPUBLIC";2011;4530903
"CHAD";2011;12298512
"CHANNEL ISLANDS";2011;160489
"CHILE";2011;17201305
"CHINA";2011;1344130000
"COLOMBIA";2011;46406446
"COMOROS";2011;715972
"CONGO, DEM. REP.";2011;68087376
"CONGO, REP.";2011;4177435
"COSTA RICA";2011;4600487
"COTE D'IVOIRE";2011;20604172
"CROATIA";2011;4280622
"CUBA";2011;11323570
"CURACAO";2011;150831
"CYPRUS";2011;1116644
"CZECH REPUBLIC";2011;10496088
"DENMARK";2011;5570572
"DJIBOUTI";2011;841802
"DOMINICA";2011;71402
"DOMINICAN REPUBLIC";2011;10027140
"ECUADOR";2011;15177280
"EGYPT, ARAB REP.";2011;83787634
"EL SALVADOR";2011;6055208
"EQUATORIAL GUINEA";2011;750918
"ERITREA";2011;4789568
"ESTONIA";2011;1327439
"ETHIOPIA";2011;89858696
"FAROE ISLANDS";2011;48492
"FIJI";2011;867327
"FINLAND";2011;5388272
"FRANCE";2011;65342776
"FRENCH POLYNESIA";2011;270862
"GABON";2011;1577298
"GAMBIA, THE";2011;1749099
"GEORGIA";2011;3875000
"GERMANY";2011;80274983
"GHANA";2011;24928503
"GIBRALTAR";2011;31067
"GREECE";2011;11104899
"GREENLAND";2011;56890
"GRENADA";2011;105070
"GUAM";2011;160858
"GUATEMALA";2011;15049280
"GUINEA";2011;11316351
"GUINEA-BISSAU";2011;1673509
"GUYANA";2011;755883
"HAITI";2011;10144890
"HONDURAS";2011;7621414
"HONG KONG SAR, CHINA";2011;7071600
"HUNGARY";2011;9971727
"ICELAND";2011;319014
"INDIA";2011;1247446011
"INDONESIA";2011;244808254
"IRAN, ISLAMIC REP.";2011;75184322
"IRAQ";2011;31867758
"IRELAND";2011;4576794
"ISLE OF MAN";2011;85069
"ISRAEL";2011;7765800
"ITALY";2011;59379449
"JAMAICA";2011;2752358
"JAPAN";2011;127817277
"JORDAN";2011;6760371
"KAZAKHSTAN";2011;16556600
"KENYA";2011;41419954
"KIRIBATI";2011;104662
"KOREA, DEM. PEOPLE’S REP.";2011;24631359
"KOREA, REP.";2011;49779440
"KOSOVO";2011;1790957
"KUWAIT";2011;3239181
"KYRGYZ REPUBLIC";2011;5514600
"LAO PDR";2011;6366909
"LATVIA";2011;2059709
"LEBANON";2011;4591698
"LESOTHO";2011;2032950
"LIBERIA";2011;4079574
"LIBYA";2011;6288652
"LIECHTENSTEIN";2011;36537
"LITHUANIA";2011;3028115
"LUXEMBOURG";2011;518347
"MACAO SAR, CHINA";2011;546682
"MACEDONIA, FYR";2011;2065888
"MADAGASCAR";2011;21678867
"MALAWI";2011;15226813
"MALAYSIA";2011;28572970
"MALDIVES";2011;377000
"MALI";2011;15639115
"MALTA";2011;416268
"MARSHALL ISLANDS";2011;52541
"MAURITANIA";2011;3683221
"MAURITIUS";2011;1252404
"MEXICO";2011;120365271
"MICRONESIA, FED. STS.";2011;103476
"MOLDOVA";2011;3559986
"MONACO";2011;37189
"MONGOLIA";2011;2759074
"MONTENEGRO";2011;620079
"MOROCCO";2011;32531964
"MOZAMBIQUE";2011;25016921
"MYANMAR";2011;52125411
"NAMIBIA";2011;2240161
"NAURU";2011;10057
"NEPAL";2011;27179237
"NETHERLANDS";2011;16693074
"NEW CALEDONIA";2011;254000
"NEW ZEALAND";2011;4384000
"NICARAGUA";2011;5807787
"NIGER";2011;16946485
"NIGERIA";2011;163770669
"NORTHERN MARIANA ISLANDS";2011;53234
"NORWAY";2011;4953088
"OMAN";2011;3210003
"PAKISTAN";2011;173669648
"PALAU";2011;20606
"PANAMA";2011;3681979
"PAPUA NEW GUINEA";2011;7001172
"PARAGUAY";2011;6293763
"PERU";2011;29759891
"PHILIPPINES";2011;94501233
"POLAND";2011;38063255
"PORTUGAL";2011;10557560
"PUERTO RICO";2011;3678736
"QATAR";2011;1905437
"ROMANIA";2011;20147528
"RUSSIAN FEDERATION";2011;142960868
"RWANDA";2011;10556429
"SAMOA";2011;187434
"SAN MARINO";2011;30938
"SAO TOME AND PRINCIPE";2011;174646
"SAUDI ARABIA";2011;28788438
"SENEGAL";2011;13357003
"SERBIA";2011;7234099
"SEYCHELLES";2011;87441
"SIERRA LEONE";2011;5908908
"SINGAPORE";2011;5183688
"SINT MAARTEN (DUTCH PART)";2011;33435
"SLOVAK REPUBLIC";2011;5398384
"SLOVENIA";2011;2052843
"SOLOMON ISLANDS";2011;537648
"SOMALIA";2011;9806670
"SOUTH AFRICA";2011;51729345
"SOUTH SUDAN";2011;10510122
"SPAIN";2011;46742697
"SRI LANKA";2011;20271000
"ST. KITTS AND NEVIS";2011;52998
"ST. LUCIA";2011;179278
"ST. MARTIN (FRENCH PART)";2011;30615
"ST. VINCENT AND THE GRENADINES";2011;109341
"SUDAN";2011;36918193
"SURINAME";2011;523439
"SWAZILAND";2011;1212458
"SWEDEN";2011;9449213
"SWITZERLAND";2011;7912398
"SYRIAN ARAB REPUBLIC";2011;20501167
"TAJIKISTAN";2011;7753925
"TANZANIA";2011;47122998
"THAILAND";2011;66902958
"TIMOR-LESTE";2011;1077602
"TOGO";2011;6566179
"TONGA";2011;104392
"TRINIDAD AND TOBAGO";2011;1334790
"TUNISIA";2011;10758870
"TURKEY";2011;73517002
"TURKMENISTAN";2011;5106672
"TURKS AND CAICOS ISLANDS";2011;31727
"TUVALU";2011;9844
"UGANDA";2011;34260342
"UKRAINE";2011;45706100
"UNITED ARAB EMIRATES";2011;8734722
"UNITED KINGDOM";2011;63258918
"UNITED STATES";2011;311718857
"URUGUAY";2011;3385610
"UZBEKISTAN";2011;29339400
"VANUATU";2011;241876
"VENEZUELA, RB";2011;29427631
"VIETNAM";2011;87860300
"VIRGIN ISLANDS (U.S.)";2011;105784
"WEST BANK AND GAZA";2011;3927051
"YEMEN, REP.";2011;24234940
"ZAMBIA";2011;14343526
"ZIMBABWE";2011;14255592
"AFGHANISTAN";2012;29726803
"ALBANIA";2012;2900247
"ALGERIA";2012;37439427
"AMERICAN SAMOA";2012;55227
"ANDORRA";2012;79316
"ANGOLA";2012;22685632
"ANTIGUA AND BARBUDA";2012;89069
"ARGENTINA";2012;42095224
"ARMENIA";2012;2978339
"ARUBA";2012;102393
"AUSTRALIA";2012;22728254
"AUSTRIA";2012;8429991
"AZERBAIJAN";2012;9295784
"BAHAMAS, THE";2012;372388
"BAHRAIN";2012;1333577
"BANGLADESH";2012;155257387
"BARBADOS";2012;281580
"BELARUS";2012;9464495
"BELGIUM";2012;11128246
"BELIZE";2012;336707
"BENIN";2012;10049792
"BERMUDA";2012;64798
"BHUTAN";2012;743711
"BOLIVIA";2012;10238762
"BOSNIA AND HERZEGOVINA";2012;3828419
"BOTSWANA";2012;2132822
"BRAZIL";2012;202401584
"BRITISH VIRGIN ISLANDS";2012;28511
"BRUNEI DARUSSALAM";2012;405512
"BULGARIA";2012;7305888
"BURKINA FASO";2012;16590813
"BURUNDI";2012;10124572
"CABO VERDE";2012;500870
"CAMBODIA";2012;14832255
"CAMEROON";2012;21659488
"CANADA";2012;34750545
"CAYMAN ISLANDS";2012;57522
"CENTRAL AFRICAN REPUBLIC";2012;4619500
"CHAD";2012;12715465
"CHANNEL ISLANDS";2012;161336
"CHILE";2012;17388437
"CHINA";2012;1350695000
"COLOMBIA";2012;46881018
"COMOROS";2012;733661
"CONGO, DEM. REP.";2012;70291160
"CONGO, REP.";2012;4286188
"COSTA RICA";2012;4654148
"COTE D'IVOIRE";2012;21102641
"CROATIA";2012;4267558
"CUBA";2012;11342631
"CURACAO";2012;152088
"CYPRUS";2012;1129303
"CZECH REPUBLIC";2012;10510785
"DENMARK";2012;5591572
"DJIBOUTI";2012;853069
"DOMINICA";2012;71685
"DOMINICAN REPUBLIC";2012;10155036
"ECUADOR";2012;15419493
"EGYPT, ARAB REP.";2012;85660902
"EL SALVADOR";2012;6072233
"EQUATORIAL GUINEA";2012;773729
"ESTONIA";2012;1322696
"ETHIOPIA";2012;92191211
"FAROE ISLANDS";2012;48393
"FIJI";2012;874158
"FINLAND";2012;5413971
"FRANCE";2012;65659790
"FRENCH POLYNESIA";2012;273775
"GABON";2012;1613489
"GAMBIA, THE";2012;1807108
"GEORGIA";2012;3825000
"GERMANY";2012;80425823
"GHANA";2012;25544565
"GIBRALTAR";2012;31402
"GREECE";2012;11045011
"GREENLAND";2012;56810
"GRENADA";2012;105476
"GUAM";2012;162807
"GUATEMALA";2012;15368759
"GUINEA";2012;11628767
"GUINEA-BISSAU";2012;1714620
"GUYANA";2012;758410
"HAITI";2012;10288828
"HONDURAS";2012;7736131
"HONG KONG SAR, CHINA";2012;7154600
"HUNGARY";2012;9920362
"ICELAND";2012;320716
"INDIA";2012;1263589639
"INDONESIA";2012;248037853
"IRAN, ISLAMIC REP.";2012;76156975
"IRAQ";2012;32957622
"IRELAND";2012;4586897
"ISLE OF MAN";2012;85779
"ISRAEL";2012;7910500
"ITALY";2012;59539717
"JAMAICA";2012;2762965
"JAPAN";2012;127561489
"JORDAN";2012;6994451
"KAZAKHSTAN";2012;16791425
"KENYA";2012;42542978
"KIRIBATI";2012;106620
"KOREA, DEM. PEOPLE’S REP.";2012;24763353
"KOREA, REP.";2012;50004441
"KOSOVO";2012;1805200
"KUWAIT";2012;3419581
"KYRGYZ REPUBLIC";2012;5607200
"LAO PDR";2012;6473050
"LATVIA";2012;2034319
"LEBANON";2012;4924257
"LESOTHO";2012;2057331
"LIBERIA";2012;4190155
"LIBYA";2012;6283403
"LIECHTENSTEIN";2012;36791
"LITHUANIA";2012;2987773
"LUXEMBOURG";2012;530946
"MACAO SAR, CHINA";2012;557763
"MACEDONIA, FYR";2012;2069270
"MADAGASCAR";2012;22293720
"MALAWI";2012;15700436
"MALAYSIA";2012;29021940
"MALDIVES";2012;385000
"MALI";2012;16112333
"MALTA";2012;419455
"MARSHALL ISLANDS";2012;52663
"MAURITANIA";2012;3777067
"MAURITIUS";2012;1255882
"MEXICO";2012;122070963
"MICRONESIA, FED. STS.";2012;103516
"MOLDOVA";2012;3559519
"MONACO";2012;37404
"MONGOLIA";2012;2808339
"MONTENEGRO";2012;620601
"MOROCCO";2012;32984190
"MOZAMBIQUE";2012;25732928
"MYANMAR";2012;52543841
"NAMIBIA";2012;2291645
"NAURU";2012;10279
"NEPAL";2012;27500515
"NETHERLANDS";2012;16754962
"NEW CALEDONIA";2012;259000
"NEW ZEALAND";2012;4408100
"NICARAGUA";2012;5877034
"NIGER";2012;17635782
"NIGERIA";2012;168240403
"NORTHERN MARIANA ISLANDS";2012;53314
"NORWAY";2012;5018573
"OMAN";2012;3545192
"PAKISTAN";2012;177392252
"PALAU";2012;20756
"PANAMA";2012;3743761
"PAPUA NEW GUINEA";2012;7154870
"PARAGUAY";2012;6379162
"PERU";2012;30158768
"PHILIPPINES";2012;96017322
"POLAND";2012;38063164
"PORTUGAL";2012;10514844
"PUERTO RICO";2012;3634487
"QATAR";2012;2015624
"ROMANIA";2012;20058035
"RUSSIAN FEDERATION";2012;143201676
"RWANDA";2012;10817350
"SAMOA";2012;188901
"SAN MARINO";2012;31172
"SAO TOME AND PRINCIPE";2012;178484
"SAUDI ARABIA";2012;29496047
"SENEGAL";2012;13780108
"SERBIA";2012;7199077
"SEYCHELLES";2012;88303
"SIERRA LEONE";2012;6043157
"SINGAPORE";2012;5312437
"SINT MAARTEN (DUTCH PART)";2012;34640
"SLOVAK REPUBLIC";2012;5407579
"SLOVENIA";2012;2057159
"SOLOMON ISLANDS";2012;549162
"SOMALIA";2012;10033630
"SOUTH AFRICA";2012;52506515
"SOUTH SUDAN";2012;10980623
"SPAIN";2012;46773055
"SRI LANKA";2012;20425000
"ST. KITTS AND NEVIS";2012;53650
"ST. LUCIA";2012;180890
"ST. MARTIN (FRENCH PART)";2012;30959
"ST. VINCENT AND THE GRENADINES";2012;109334
"SUDAN";2012;37712420
"SURINAME";2012;528535
"SWAZILAND";2012;1231694
"SWEDEN";2012;9519374
"SWITZERLAND";2012;7996861
"SYRIAN ARAB REPUBLIC";2012;19978756
"TAJIKISTAN";2012;7930929
"TANZANIA";2012;48645709
"THAILAND";2012;67164130
"TIMOR-LESTE";2012;1102076
"TOGO";2012;6745581
"TONGA";2012;104769
"TRINIDAD AND TOBAGO";2012;1341579
"TUNISIA";2012;10881450
"TURKEY";2012;74849187
"TURKMENISTAN";2012;5172941
"TURKS AND CAICOS ISLANDS";2012;32430
"TUVALU";2012;9860
"UGANDA";2012;35400620
"UKRAINE";2012;45593300
"UNITED ARAB EMIRATES";2012;8952542
"UNITED KINGDOM";2012;63700300
"UNITED STATES";2012;314102623
"URUGUAY";2012;3396753
"UZBEKISTAN";2012;29774500
"VANUATU";2012;247498
"VENEZUELA, RB";2012;29854238
"VIETNAM";2012;88809200
"VIRGIN ISLANDS (U.S.)";2012;105275
"WEST BANK AND GAZA";2012;4046901
"YEMEN, REP.";2012;24882792
"ZAMBIA";2012;14786581
"ZIMBABWE";2012;14565482
"AFGHANISTAN";2013;30682500
"ALBANIA";2013;2896652
"ALGERIA";2013;38186135
"AMERICAN SAMOA";2013;55302
"ANDORRA";2013;75902
"ANGOLA";2013;23448202
"ANTIGUA AND BARBUDA";2013;89985
"ARGENTINA";2013;42538304
"ARMENIA";2013;2992192
"ARUBA";2013;102921
"AUSTRALIA";2013;23117353
"AUSTRIA";2013;8479375
"AZERBAIJAN";2013;9416801
"BAHAMAS, THE";2013;377841
"BAHRAIN";2013;1349427
"BANGLADESH";2013;157157394
"BARBADOS";2013;282503
"BELARUS";2013;9465997
"BELGIUM";2013;11182817
"BELIZE";2013;344193
"BENIN";2013;10322232
"BERMUDA";2013;65001
"BHUTAN";2013;754637
"BOLIVIA";2013;10399931
"BOSNIA AND HERZEGOVINA";2013;3823533
"BOTSWANA";2013;2176510
"BRAZIL";2013;204259377
"BRITISH VIRGIN ISLANDS";2013;29058
"BRUNEI DARUSSALAM";2013;411499
"BULGARIA";2013;7265115
"BURKINA FASO";2013;17084554
"BURUNDI";2013;10465959
"CABO VERDE";2013;507258
"CAMBODIA";2013;15078564
"CAMEROON";2013;22211166
"CANADA";2013;35155451
"CAYMAN ISLANDS";2013;58369
"CENTRAL AFRICAN REPUBLIC";2013;4710678
"CHAD";2013;13145788
"CHANNEL ISLANDS";2013;162138
"CHILE";2013;17575833
"CHINA";2013;1357380000
"COLOMBIA";2013;47342363
"COMOROS";2013;751697
"CONGO, DEM. REP.";2013;72552861
"CONGO, REP.";2013;4394334
"COSTA RICA";2013;4706433
"COTE D'IVOIRE";2013;21622490
"CROATIA";2013;4255689
"CUBA";2013;11362505
"CURACAO";2013;153822
"CYPRUS";2013;1141652
"CZECH REPUBLIC";2013;10514272
"DENMARK";2013;5614932
"DJIBOUTI";2013;864554
"DOMINICA";2013;72005
"DOMINICAN REPUBLIC";2013;10281408
"ECUADOR";2013;15661312
"EGYPT, ARAB REP.";2013;87613909
"EL SALVADOR";2013;6089644
"EQUATORIAL GUINEA";2013;797082
"ESTONIA";2013;1317997
"ETHIOPIA";2013;94558374
"FAROE ISLANDS";2013;48292
"FIJI";2013;880487
"FINLAND";2013;5438972
"FRANCE";2013;65972097
"FRENCH POLYNESIA";2013;276766
"GABON";2013;1650351
"GAMBIA, THE";2013;1866878
"GEORGIA";2013;3776000
"GERMANY";2013;80645605
"GHANA";2013;26164432
"GIBRALTAR";2013;31720
"GREECE";2013;10965211
"GREENLAND";2013;56483
"GRENADA";2013;105902
"GUAM";2013;165121
"GUATEMALA";2013;15690793
"GUINEA";2013;11948726
"GUINEA-BISSAU";2013;1757138
"GUYANA";2013;761033
"HAITI";2013;10431249
"HONDURAS";2013;7849059
"HONG KONG SAR, CHINA";2013;7187500
"HUNGARY";2013;9893082
"ICELAND";2013;323764
"INDIA";2013;1279498874
"INDONESIA";2013;251268276
"IRAN, ISLAMIC REP.";2013;77152445
"IRAQ";2013;34107366
"IRELAND";2013;4598294
"ISLE OF MAN";2013;86462
"ISRAEL";2013;8059500
"ITALY";2013;60233948
"JAMAICA";2013;2773215
"JAPAN";2013;127338621
"JORDAN";2013;7214832
"KAZAKHSTAN";2013;17035275
"KENYA";2013;43692881
"KIRIBATI";2013;108544
"KOREA, DEM. PEOPLE’S REP.";2013;24895705
"KOREA, REP.";2013;50219669
"KOSOVO";2013;1824100
"KUWAIT";2013;3593689
"KYRGYZ REPUBLIC";2013;5719600
"LAO PDR";2013;6579985
"LATVIA";2013;2012647
"LEBANON";2013;5286990
"LESOTHO";2013;2083061
"LIBERIA";2013;4293692
"LIBYA";2013;6265987
"LIECHTENSTEIN";2013;37040
"LITHUANIA";2013;2957689
"LUXEMBOURG";2013;543360
"MACAO SAR, CHINA";2013;568056
"MACEDONIA, FYR";2013;2072543
"MADAGASCAR";2013;22924557
"MALAWI";2013;16190126
"MALAYSIA";2013;29465372
"MALDIVES";2013;393000
"MALI";2013;16592097
"MALTA";2013;423374
"MARSHALL ISLANDS";2013;52786
"MAURITANIA";2013;3872684
"MAURITIUS";2013;1258653
"MEXICO";2013;123740109
"MICRONESIA, FED. STS.";2013;103718
"MOLDOVA";2013;3558566
"MONACO";2013;37528
"MONGOLIA";2013;2859174
"MONTENEGRO";2013;621207
"MOROCCO";2013;33452686
"MOZAMBIQUE";2013;26467180
"MYANMAR";2013;52983829
"NAMIBIA";2013;2346592
"NAURU";2013;10821
"NEPAL";2013;27834981
"NETHERLANDS";2013;16804432
"NEW CALEDONIA";2013;263000
"NEW ZEALAND";2013;4442100
"NICARAGUA";2013;5945646
"NIGER";2013;18358863
"NIGERIA";2013;172816517
"NORTHERN MARIANA ISLANDS";2013;53869
"NORWAY";2013;5079623
"OMAN";2013;3906912
"PAKISTAN";2013;181192646
"PALAU";2013;20919
"PANAMA";2013;3805683
"PAPUA NEW GUINEA";2013;7308864
"PARAGUAY";2013;6465669
"PERU";2013;30565461
"PHILIPPINES";2013;97571676
"POLAND";2013;38040196
"PORTUGAL";2013;10457295
"PUERTO RICO";2013;3593079
"QATAR";2013;2101288
"ROMANIA";2013;19983693
"RUSSIAN FEDERATION";2013;143506911
"RWANDA";2013;11078095
"SAMOA";2013;190390
"SAN MARINO";2013;31391
"SAO TOME AND PRINCIPE";2013;182386
"SAUDI ARABIA";2013;30201051
"SENEGAL";2013;14221041
"SERBIA";2013;7164132
"SEYCHELLES";2013;89949
"SIERRA LEONE";2013;6178859
"SINGAPORE";2013;5399162
"SINT MAARTEN (DUTCH PART)";2013;36607
"SLOVAK REPUBLIC";2013;5413393
"SLOVENIA";2013;2059953
"SOLOMON ISLANDS";2013;560685
"SOMALIA";2013;10268157
"SOUTH AFRICA";2013;53311955
"SOUTH SUDAN";2013;11453810
"SPAIN";2013;46620045
"SRI LANKA";2013;20585000
"ST. KITTS AND NEVIS";2013;54301
"ST. LUCIA";2013;182305
"ST. MARTIN (FRENCH PART)";2013;31264
"ST. VINCENT AND THE GRENADINES";2013;109327
"SUDAN";2013;38515095
"SURINAME";2013;533450
"SWAZILAND";2013;1250641
"SWEDEN";2013;9600379
"SWITZERLAND";2013;8089346
"SYRIAN ARAB REPUBLIC";2013;19322593
"TAJIKISTAN";2013;8111894
"TANZANIA";2013;50213457
"THAILAND";2013;67451422
"TIMOR-LESTE";2013;1129315
"TOGO";2013;6928719
"TONGA";2013;105139
"TRINIDAD AND TOBAGO";2013;1348240
"TUNISIA";2013;11005706
"TURKEY";2013;76223639
"TURKMENISTAN";2013;5240088
"TURKS AND CAICOS ISLANDS";2013;33103
"TUVALU";2013;9876
"UGANDA";2013;36573387
"UKRAINE";2013;45489600
"UNITED ARAB EMIRATES";2013;9039978
"UNITED KINGDOM";2013;64128226
"UNITED STATES";2013;316427395
"URUGUAY";2013;3407969
"UZBEKISTAN";2013;30243200
"VANUATU";2013;253165
"VENEZUELA, RB";2013;30276045
"VIETNAM";2013;89759500
"VIRGIN ISLANDS (U.S.)";2013;104737
"WEST BANK AND GAZA";2013;4169506
"YEMEN, REP.";2013;25533217
"ZAMBIA";2013;15246086
"ZIMBABWE";2013;14898092
"AFGHANISTAN";2014;31627506
"ALBANIA";2014;2893654
"ALGERIA";2014;38934334
"AMERICAN SAMOA";2014;55434
"ANDORRA";2014;72786
"ANGOLA";2014;24227524
"ANTIGUA AND BARBUDA";2014;90900
"ARGENTINA";2014;42980026
"ARMENIA";2014;3006154
"ARUBA";2014;103441
"AUSTRALIA";2014;23460694
"AUSTRIA";2014;8541575
"AZERBAIJAN";2014;9535079
"BAHAMAS, THE";2014;383054
"BAHRAIN";2014;1361930
"BANGLADESH";2014;159077513
"BARBADOS";2014;283380
"BELARUS";2014;9474511
"BELGIUM";2014;11231213
"BELIZE";2014;351706
"BENIN";2014;10598482
"BERMUDA";2014;65139
"BHUTAN";2014;765008
"BOLIVIA";2014;10561887
"BOSNIA AND HERZEGOVINA";2014;3817554
"BOTSWANA";2014;2219937
"BRAZIL";2014;206077898
"BRITISH VIRGIN ISLANDS";2014;29585
"BRUNEI DARUSSALAM";2014;417394
"BULGARIA";2014;7223938
"BURKINA FASO";2014;17589198
"BURUNDI";2014;10816860
"CABO VERDE";2014;513906
"CAMBODIA";2014;15328136
"CAMEROON";2014;22773014
"CANADA";2014;35544564
"CAYMAN ISLANDS";2014;59172
"CENTRAL AFRICAN REPUBLIC";2014;4804316
"CHAD";2014;13587053
"CHANNEL ISLANDS";2014;162917
"CHILE";2014;17762647
"CHINA";2014;1364270000
"COLOMBIA";2014;47791393
"COMOROS";2014;769991
"CONGO, DEM. REP.";2014;74877030
"CONGO, REP.";2014;4504962
"COSTA RICA";2014;4757606
"COTE D'IVOIRE";2014;22157107
"CROATIA";2014;4238389
"CUBA";2014;11379111
"CURACAO";2014;155909
"CYPRUS";2014;1153658
"CZECH REPUBLIC";2014;10525347
"DENMARK";2014;5643475
"DJIBOUTI";2014;876174
"DOMINICA";2014;72341
"DOMINICAN REPUBLIC";2014;10405943
"ECUADOR";2014;15902916
"EGYPT, ARAB REP.";2014;89579670
"EL SALVADOR";2014;6107706
"EQUATORIAL GUINEA";2014;820885
"ESTONIA";2014;1314545
"ETHIOPIA";2014;96958732
"FAROE ISLANDS";2014;48221
"FIJI";2014;886450
"FINLAND";2014;5461512
"FRANCE";2014;66268972
"FRENCH POLYNESIA";2014;279781
"GABON";2014;1687673
"GAMBIA, THE";2014;1928201
"GEORGIA";2014;3727000
"GERMANY";2014;80982500
"GHANA";2014;26786598
"GIBRALTAR";2014;31997
"GREECE";2014;10892413
"GREENLAND";2014;56295
"GRENADA";2014;106349
"GUAM";2014;167543
"GUATEMALA";2014;16015494
"GUINEA";2014;12275527
"GUINEA-BISSAU";2014;1800513
"GUYANA";2014;763893
"HAITI";2014;10572029
"HONDURAS";2014;7961680
"HONG KONG SAR, CHINA";2014;7241700
"HUNGARY";2014;9866468
"ICELAND";2014;327386
"INDIA";2014;1295291543
"INDONESIA";2014;254454778
"IRAN, ISLAMIC REP.";2014;78143644
"IRAQ";2014;35273293
"IRELAND";2014;4617225
"ISLE OF MAN";2014;87127
"ISRAEL";2014;8215700
"ITALY";2014;60789140
"JAMAICA";2014;2783301
"JAPAN";2014;127131800
"JORDAN";2014;7416083
"KAZAKHSTAN";2014;17289224
"KENYA";2014;44863583
"KIRIBATI";2014;110470
"KOREA, DEM. PEOPLE’S REP.";2014;25026772
"KOREA, REP.";2014;50423955
"KOSOVO";2014;1821800
"KUWAIT";2014;3753121
"KYRGYZ REPUBLIC";2014;5835500
"LAO PDR";2014;6689300
"LATVIA";2014;1993782
"LEBANON";2014;5612096
"LESOTHO";2014;2109197
"LIBERIA";2014;4396554
"LIBYA";2014;6258984
"LIECHTENSTEIN";2014;37286
"LITHUANIA";2014;2932367
"LUXEMBOURG";2014;556319
"MACAO SAR, CHINA";2014;577914
"MACEDONIA, FYR";2014;2075625
"MADAGASCAR";2014;23571713
"MALAWI";2014;16695253
"MALAYSIA";2014;29901997
"MALDIVES";2014;401000
"MALI";2014;17086022
"MALTA";2014;427364
"MARSHALL ISLANDS";2014;52898
"MAURITANIA";2014;3969625
"MAURITIUS";2014;1260934
"MEXICO";2014;125385833
"MICRONESIA, FED. STS.";2014;104044
"MOLDOVA";2014;3556397
"MONACO";2014;37623
"MONGOLIA";2014;2909871
"MONTENEGRO";2014;621810
"MOROCCO";2014;33921203
"MOZAMBIQUE";2014;27216276
"MYANMAR";2014;53437159
"NAMIBIA";2014;2402858
"NAURU";2014;11853
"NEPAL";2014;28174724
"NETHERLANDS";2014;16865008
"NEW CALEDONIA";2014;268000
"NEW ZEALAND";2014;4509700
"NICARAGUA";2014;6013913
"NIGER";2014;19113728
"NIGERIA";2014;177475986
"NORTHERN MARIANA ISLANDS";2014;54541
"NORWAY";2014;5137232
"OMAN";2014;4236057
"PAKISTAN";2014;185044286
"PALAU";2014;21097
"PANAMA";2014;3867535
"PAPUA NEW GUINEA";2014;7463577
"PARAGUAY";2014;6552518
"PERU";2014;30973148
"PHILIPPINES";2014;99138690
"POLAND";2014;38011735
"PORTUGAL";2014;10401062
"PUERTO RICO";2014;3534888
"QATAR";2014;2172065
"ROMANIA";2014;19908979
"RUSSIAN FEDERATION";2014;143819666
"RWANDA";2014;11341544
"SAMOA";2014;191845
"SAN MARINO";2014;31595
"SAO TOME AND PRINCIPE";2014;186342
"SAUDI ARABIA";2014;30886545
"SENEGAL";2014;14672557
"SERBIA";2014;7130576
"SEYCHELLES";2014;91359
"SIERRA LEONE";2014;6315627
"SINGAPORE";2014;5469724
"SINT MAARTEN (DUTCH PART)";2014;37685
"SLOVAK REPUBLIC";2014;5418649
"SLOVENIA";2014;2061980
"SOLOMON ISLANDS";2014;572171
"SOMALIA";2014;10517569
"SOUTH AFRICA";2014;54146734
"SOUTH SUDAN";2014;11911184
"SPAIN";2014;46480882
"SRI LANKA";2014;20771000
"ST. KITTS AND NEVIS";2014;54944
"ST. LUCIA";2014;183645
"ST. MARTIN (FRENCH PART)";2014;31530
"ST. VINCENT AND THE GRENADINES";2014;109360
"SUDAN";2014;39350274
"SURINAME";2014;538248
"SWAZILAND";2014;1269112
"SWEDEN";2014;9696110
"SWITZERLAND";2014;8188649
"SYRIAN ARAB REPUBLIC";2014;18772481
"TAJIKISTAN";2014;8295840
"TANZANIA";2014;51822621
"THAILAND";2014;67725979
"TIMOR-LESTE";2014;1157360
"TOGO";2014;7115163
"TONGA";2014;105586
"TRINIDAD AND TOBAGO";2014;1354483
"TUNISIA";2014;11130154
"TURKEY";2014;77523788
"TURKMENISTAN";2014;5307188
"TURKS AND CAICOS ISLANDS";2014;33740
"TUVALU";2014;9893
"UGANDA";2014;37782971
"UKRAINE";2014;45271947
"UNITED ARAB EMIRATES";2014;9086139
"UNITED KINGDOM";2014;64613160
"UNITED STATES";2014;318907401
"URUGUAY";2014;3419516
"UZBEKISTAN";2014;30757700
"VANUATU";2014;258883
"VENEZUELA, RB";2014;30693827
"VIETNAM";2014;90728900
"VIRGIN ISLANDS (U.S.)";2014;104170
"WEST BANK AND GAZA";2014;4294682
"YEMEN, REP.";2014;26183676
"ZAMBIA";2014;15721343
"ZIMBABWE";2014;15245855
"AFGHANISTAN";2015;32526562
"ALBANIA";2015;2889167
"ALGERIA";2015;39666519
"AMERICAN SAMOA";2015;55538
"ANDORRA";2015;70473
"ANGOLA";2015;25021974
"ANTIGUA AND BARBUDA";2015;91818
"ARGENTINA";2015;43416755
"ARMENIA";2015;3017712
"ARUBA";2015;103889
"AUSTRALIA";2015;23789752
"AUSTRIA";2015;8638366
"AZERBAIJAN";2015;9649341
"BAHAMAS, THE";2015;388019
"BAHRAIN";2015;1377237
"BANGLADESH";2015;160995642
"BARBADOS";2015;284215
"BELARUS";2015;9489616
"BELGIUM";2015;11249420
"BELIZE";2015;359287
"BENIN";2015;10879829
"BERMUDA";2015;65235
"BHUTAN";2015;774830
"BOLIVIA";2015;10724705
"BOSNIA AND HERZEGOVINA";2015;3810416
"BOTSWANA";2015;2262485
"BRAZIL";2015;207847528
"BRITISH VIRGIN ISLANDS";2015;30117
"BRUNEI DARUSSALAM";2015;423188
"BULGARIA";2015;7177991
"BURKINA FASO";2015;18105570
"BURUNDI";2015;11178921
"CABO VERDE";2015;520502
"CAMBODIA";2015;15577899
"CAMEROON";2015;23344179
"CANADA";2015;35848610
"CAYMAN ISLANDS";2015;59967
"CENTRAL AFRICAN REPUBLIC";2015;4900274
"CHAD";2015;14037472
"CHANNEL ISLANDS";2015;163692
"CHILE";2015;17948141
"CHINA";2015;1371220000
"COLOMBIA";2015;48228704
"COMOROS";2015;788474
"CONGO, DEM. REP.";2015;77266814
"CONGO, REP.";2015;4620330
"COSTA RICA";2015;4807850
"COTE D'IVOIRE";2015;22701556
"CROATIA";2015;4203604
"CUBA";2015;11389562
"CURACAO";2015;157979
"CYPRUS";2015;1165300
"CZECH REPUBLIC";2015;10546059
"DENMARK";2015;5683483
"DJIBOUTI";2015;887861
"DOMINICA";2015;72680
"DOMINICAN REPUBLIC";2015;10528391
"ECUADOR";2015;16144363
"EGYPT, ARAB REP.";2015;91508084
"EL SALVADOR";2015;6126583
"EQUATORIAL GUINEA";2015;845060
"ESTONIA";2015;1314608
"ETHIOPIA";2015;99390750
"FAROE ISLANDS";2015;48199
"FIJI";2015;892145
"FINLAND";2015;5479531
"FRANCE";2015;66538391
"FRENCH POLYNESIA";2015;282764
"GABON";2015;1725292
"GAMBIA, THE";2015;1990924
"GEORGIA";2015;3717100
"GERMANY";2015;81679769
"GHANA";2015;27409893
"GIBRALTAR";2015;32217
"GREECE";2015;10820883
"GREENLAND";2015;56114
"GRENADA";2015;106825
"GUAM";2015;169885
"GUATEMALA";2015;16342897
"GUINEA";2015;12608590
"GUINEA-BISSAU";2015;1844325
"GUYANA";2015;767085
"HAITI";2015;10711067
"HONDURAS";2015;8075060
"HONG KONG SAR, CHINA";2015;7305700
"HUNGARY";2015;9843028
"ICELAND";2015;330815
"INDIA";2015;1311050527
"INDONESIA";2015;257563815
"IRAN, ISLAMIC REP.";2015;79109272
"IRAQ";2015;36423395
"IRELAND";2015;4643740
"ISLE OF MAN";2015;87780
"ISRAEL";2015;8380100
"ITALY";2015;60730582
"JAMAICA";2015;2793335
"JAPAN";2015;126958472
"JORDAN";2015;7594547
"KAZAKHSTAN";2015;17544126
"KENYA";2015;46050302
"KIRIBATI";2015;112423
"KOREA, DEM. PEOPLE’S REP.";2015;25155317
"KOREA, REP.";2015;50617045
"KOSOVO";2015;1801800
"KUWAIT";2015;3892115
"KYRGYZ REPUBLIC";2015;5956900
"LAO PDR";2015;6802023
"LATVIA";2015;1977527
"LEBANON";2015;5850743
"LESOTHO";2015;2135022
"LIBERIA";2015;4503438
"LIBYA";2015;6278438
"LIECHTENSTEIN";2015;37531
"LITHUANIA";2015;2904910
"LUXEMBOURG";2015;569604
"MACAO SAR, CHINA";2015;587606
"MACEDONIA, FYR";2015;2078453
"MADAGASCAR";2015;24235390
"MALAWI";2015;17215232
"MALAYSIA";2015;30331007
"MALDIVES";2015;409163
"MALI";2015;17599694
"MALTA";2015;431874
"MARSHALL ISLANDS";2015;52993
"MAURITANIA";2015;4067564
"MAURITIUS";2015;1262605
"MEXICO";2015;127017224
"MICRONESIA, FED. STS.";2015;104460
"MOLDOVA";2015;3554108
"MONACO";2015;37731
"MONGOLIA";2015;2959134
"MONTENEGRO";2015;622159
"MOROCCO";2015;34377511
"MOZAMBIQUE";2015;27977863
"MYANMAR";2015;53897154
"NAMIBIA";2015;2458830
"NAURU";2015;12475
"NEPAL";2015;28513700
"NETHERLANDS";2015;16939923
"NEW CALEDONIA";2015;273000
"NEW ZEALAND";2015;4595700
"NICARAGUA";2015;6082032
"NIGER";2015;19899120
"NIGERIA";2015;182201962
"NORTHERN MARIANA ISLANDS";2015;55070
"NORWAY";2015;5190239
"OMAN";2015;4490541
"PAKISTAN";2015;188924874
"PALAU";2015;21291
"PANAMA";2015;3929141
"PAPUA NEW GUINEA";2015;7619321
"PARAGUAY";2015;6639123
"PERU";2015;31376670
"PHILIPPINES";2015;100699395
"POLAND";2015;37986412
"PORTUGAL";2015;10358076
"PUERTO RICO";2015;3474182
"QATAR";2015;2235355
"ROMANIA";2015;19815308
"RUSSIAN FEDERATION";2015;144096870
"RWANDA";2015;11609666
"SAMOA";2015;193228
"SAN MARINO";2015;31781
"SAO TOME AND PRINCIPE";2015;190344
"SAUDI ARABIA";2015;31540372
"SENEGAL";2015;15129273
"SERBIA";2015;7095383
"SEYCHELLES";2015;93419
"SIERRA LEONE";2015;6453184
"SINGAPORE";2015;5535002
"SINT MAARTEN (DUTCH PART)";2015;38824
"SLOVAK REPUBLIC";2015;5423801
"SLOVENIA";2015;2063531
"SOLOMON ISLANDS";2015;583591
"SOMALIA";2015;10787104
"SOUTH AFRICA";2015;55011976
"SOUTH SUDAN";2015;12339812
"SPAIN";2015;46443994
"SRI LANKA";2015;20966000
"ST. KITTS AND NEVIS";2015;55572
"ST. LUCIA";2015;184999
"ST. MARTIN (FRENCH PART)";2015;31754
"ST. VINCENT AND THE GRENADINES";2015;109462
"SUDAN";2015;40234882
"SURINAME";2015;542975
"SWAZILAND";2015;1286970
"SWEDEN";2015;9799186
"SWITZERLAND";2015;8281430
"SYRIAN ARAB REPUBLIC";2015;18502413
"TAJIKISTAN";2015;8481855
"TANZANIA";2015;53470420
"THAILAND";2015;67959359
"TIMOR-LESTE";2015;1184765
"TOGO";2015;7304578
"TONGA";2015;106170
"TRINIDAD AND TOBAGO";2015;1360088
"TUNISIA";2015;11253554
"TURKEY";2015;78665830
"TURKMENISTAN";2015;5373502
"TURKS AND CAICOS ISLANDS";2015;34339
"TUVALU";2015;9916
"UGANDA";2015;39032383
"UKRAINE";2015;45154029
"UNITED ARAB EMIRATES";2015;9156963
"UNITED KINGDOM";2015;65128861
"UNITED STATES";2015;321418820
"URUGUAY";2015;3431555
"UZBEKISTAN";2015;31298900
"VANUATU";2015;264652
"VENEZUELA, RB";2015;31108083
"VIETNAM";2015;91713300
"VIRGIN ISLANDS (U.S.)";2015;103574
"WEST BANK AND GAZA";2015;4422143
"YEMEN, REP.";2015;26832215
"ZAMBIA";2015;16211767
"ZIMBABWE";2015;15602751
"AFGHANISTAN";2016;33370000
"ALBANIA";2016;2897000
"ALGERIA";2016;40376000
"AMERICAN SAMOA";2016;56000
"ANDORRA";2016;69000
"ANGOLA";2016;25831000
"ANTIGUA AND BARBUDA";2016;93000
"ARGENTINA";2016;43847000
"ARMENIA";2016;3026000
"ARUBA";2016;104000
"AUSTRALIA";2016;24115000
"AUSTRIA";2016;8661000
"AZERBAIJAN";2016;9758000
"BAHAMAS, THE";2016;393000
"BAHRAIN";2016;1397000
"BANGLADESH";2016;162911000
"BARBADOS";2016;285000
"BELARUS";2016;9466000
"BELGIUM";2016;11318000
"BELIZE";2016;367000
"BENIN";2016;11167000
"BHUTAN";2016;784000
"BOLIVIA";2016;10888000
"BOSNIA AND HERZEGOVINA";2016;3802000
"BOTSWANA";2016;2304000
"BRAZIL";2016;209568000
"BRITISH VIRGIN ISLANDS";2016;31000
"BRUNEI DARUSSALAM";2016;429000
"BULGARIA";2016;7126000
"BURKINA FASO";2016;18634000
"BURUNDI";2016;11553000
"CABO VERDE";2016;527000
"CAMBODIA";2016;15827000
"CAMEROON";2016;23924000
"CANADA";2016;36182000
"CAYMAN ISLANDS";2016;61000
"CENTRAL AFRICAN REPUBLIC";2016;4998000
"CHAD";2016;14497000
"CHANNEL ISLANDS";2016;164000
"CHILE";2016;18132000
"CHINA";2016;1377507000
"COLOMBIA";2016;48654000
"COMOROS";2016;807000
"CONGO, DEM. REP.";2016;79723000
"CONGO, REP.";2016;4741000
"COSTA RICA";2016;4857000
"COTE D'IVOIRE";2016;23254000
"CROATIA";2016;4188000
"CUBA";2016;11393000
"CURACAO";2016;159000
"CYPRUS";2016;1177000
"CZECH REPUBLIC";2016;10555000
"DENMARK";2016;5704000
"DJIBOUTI";2016;900000
"DOMINICA";2016;73000
"DOMINICAN REPUBLIC";2016;10649000
"ECUADOR";2016;16385000
"EGYPT, ARAB REP.";2016;93384000
"EL SALVADOR";2016;6146000
"EQUATORIAL GUINEA";2016;870000
"ESTONIA";2016;1311000
"ETHIOPIA";2016;101853000
"FAROE ISLANDS";2016;48000
"FIJI";2016;898000
"FINLAND";2016;5496000
"FRANCE";2016;66795000
"FRENCH POLYNESIA";2016;286000
"GABON";2016;1763000
"GAMBIA, THE";2016;2055000
"GEORGIA";2016;3713000
"GERMANY";2016;81613000
"GHANA";2016;28033000
"GIBRALTAR";2016;32000
"GREECE";2016;10792000
"GRENADA";2016;107000
"GUAM";2016;172000
"GUATEMALA";2016;16673000
"GUINEA";2016;12947000
"GUINEA-BISSAU";2016;1888000
"GUYANA";2016;771000
"HAITI";2016;10848000
"HONDURAS";2016;8190000
"HONG KONG SAR, CHINA";2016;7360000
"HUNGARY";2016;9811000
"ICELAND";2016;333000
"INDIA";2016;1326802000
"INDONESIA";2016;260581000
"IRAN, ISLAMIC REP.";2016;80043000
"IRAQ";2016;37548000
"IRELAND";2016;4679000
"ISLE OF MAN";2016;88000
"ISRAEL";2016;8515000
"ITALY";2016;60705000
"JAMAICA";2016;2803000
"JAPAN";2016;126616000
"JORDAN";2016;7748000
"KAZAKHSTAN";2016;17754000
"KENYA";2016;47251000
"KIRIBATI";2016;114000
"KOREA, DEM. PEOPLE’S REP.";2016;25281000
"KOREA, REP.";2016;50816000
"KOSOVO";2016;1861000
"KUWAIT";2016;4007000
"KYRGYZ REPUBLIC";2016;6049000
"LAO PDR";2016;6918000
"LATVIA";2016;1967000
"LEBANON";2016;5988000
"LESOTHO";2016;2160000
"LIBERIA";2016;4615000
"LIBYA";2016;6330000
"LIECHTENSTEIN";2016;38000
"LITHUANIA";2016;2886000
"LUXEMBOURG";2016;577000
"MACAO SAR, CHINA";2016;597000
"MACEDONIA, FYR";2016;2081000
"MADAGASCAR";2016;24916000
"MALAWI";2016;17750000
"MALAYSIA";2016;30752000
"MALDIVES";2016;416000
"MALI";2016;18135000
"MALTA";2016;433000
"MARSHALL ISLANDS";2016;53000
"MAURITANIA";2016;4166000
"MAURITIUS";2016;1267000
"MEXICO";2016;128632000
"MICRONESIA, FED. STS.";2016;105000
"MOLDOVA";2016;3547000
"MONACO";2016;38000
"MONGOLIA";2016;3006000
"MONTENEGRO";2016;622000
"MOROCCO";2016;34817000
"MOZAMBIQUE";2016;28751000
"MYANMAR";2016;54363000
"NAMIBIA";2016;2514000
"NAURU";2016;13000
"NEPAL";2016;28851000
"NETHERLANDS";2016;16991000
"NEW CALEDONIA";2016;276000
"NEW ZEALAND";2016;4636000
"NICARAGUA";2016;6150000
"NIGER";2016;20715000
"NIGERIA";2016;186988000
"NORTHERN MARIANA ISLANDS";2016;55000
"NORWAY";2016;5248000
"OMAN";2016;4654000
"PAKISTAN";2016;192827000
"PALAU";2016;22000
"PANAMA";2016;3990000
"PAPUA NEW GUINEA";2016;7776000
"PARAGUAY";2016;6725000
"PERU";2016;31774000
"PHILIPPINES";2016;102250000
"POLAND";2016;37959000
"PORTUGAL";2016;10318000
"PUERTO RICO";2016;3472000
"QATAR";2016;2291000
"ROMANIA";2016;19680000
"RUSSIAN FEDERATION";2016;144060000
"RWANDA";2016;11883000
"SAMOA";2016;195000
"SAN MARINO";2016;32000
"SAO TOME AND PRINCIPE";2016;194000
"SAUDI ARABIA";2016;32158000
"SENEGAL";2016;15589000
"SERBIA";2016;7065000
"SEYCHELLES";2016;94000
"SIERRA LEONE";2016;6592000
"SINGAPORE";2016;5622000
"SLOVAK REPUBLIC";2016;5428000
"SLOVENIA";2016;2065000
"SOLOMON ISLANDS";2016;595000
"SOMALIA";2016;11079000
"SOUTH AFRICA";2016;55770000
"SOUTH SUDAN";2016;12733000
"SPAIN";2016;46450000
"SRI LANKA";2016;21069000
"ST. KITTS AND NEVIS";2016;56000
"ST. LUCIA";2016;186000
"ST. VINCENT AND THE GRENADINES";2016;110000
"SUDAN";2016;41176000
"SURINAME";2016;548000
"SWAZILAND";2016;1304000
"SWEDEN";2016;9867000
"SWITZERLAND";2016;8353000
"SYRIAN ARAB REPUBLIC";2016;18564000
"TAJIKISTAN";2016;8669000
"TANZANIA";2016;55155000
"THAILAND";2016;68147000
"TIMOR-LESTE";2016;1211000
"TOGO";2016;7497000
"TONGA";2016;107000
"TRINIDAD AND TOBAGO";2016;1365000
"TUNISIA";2016;11375000
"TURKEY";2016;79622000
"TURKMENISTAN";2016;5439000
"TURKS AND CAICOS ISLANDS";2016;35000
"TUVALU";2016;10000
"UGANDA";2016;40323000
"UKRAINE";2016;44943000
"UNITED ARAB EMIRATES";2016;9267000
"UNITED KINGDOM";2016;65527000
"UNITED STATES";2016;323757000
"URUGUAY";2016;3444000
"UZBEKISTAN";2016;31716000
"VANUATU";2016;270000
"VENEZUELA, RB";2016;31519000
"VIETNAM";2016;92683000
"VIRGIN ISLANDS (U.S.)";2016;104000
"WEST BANK AND GAZA";2016;4542000
"YEMEN, REP.";2016;27478000
"ZAMBIA";2016;16717000
"ZIMBABWE";2016;15967000
